Animal,Compound,Isomer,max_day,frac,rmse_all_days,rmse_nonzero_days
E2,PFBA,Linear,140,0.2,0.0,0.0
E2,PFBA,Linear,140,0.3,127.32315715698238,200.71086381436734
E2,PFBA,Linear,140,0.4,111.87434301725528,166.59045628511146
E2,PFBA,Linear,140,0.5,119.01139075313803,182.48705938154671
E2,PFBA,Linear,140,0.6,133.86032622653025,205.65384231286856
E2,PFBA,Linear,140,0.6666666666666666,136.77851949670094,209.56496584125446
E2,PFBA,Linear,140,0.7,136.1405215037207,207.95866185001898
E2,PFBA,Linear,140,0.8,135.44108296001804,205.59871817147388
E2,PFBA,Linear,140,0.9,133.9389232911373,200.4044038444263
E2,PFBS,Linear,140,0.2,0.0,0.0
E2,PFBS,Linear,140,0.3,0.312176786693953,0.48029129732293013
E2,PFBS,Linear,140,0.4,0.355216416750482,0.5433920972397759
E2,PFBS,Linear,140,0.5,0.37212926161431326,0.5733733822689929
E2,PFBS,Linear,140,0.6,0.41105824317941697,0.6315015684756782
E2,PFBS,Linear,140,0.6666666666666666,0.4234936630199306,0.6504897333838082
E2,PFBS,Linear,140,0.7,0.422441820716753,0.6476282881569171
E2,PFBS,Linear,140,0.8,0.41725948054076734,0.6352696548372222
E2,PFBS,Linear,140,0.9,0.41120254854700095,0.6165161102211832
E2,PFCAs,Branched,140,0.2,0.0,0.0
E2,PFCAs,Branched,140,0.3,8.571340086969343,13.551645920812838
E2,PFCAs,Branched,140,0.4,7.122577612454737,11.034957786989791
E2,PFCAs,Branched,140,0.5,7.673944221578255,11.99937052534852
E2,PFCAs,Branched,140,0.6,8.463605575045404,13.229486909751492
E2,PFCAs,Branched,140,0.6666666666666666,8.654167430598072,13.489294154264478
E2,PFCAs,Branched,140,0.7,8.680825753428756,13.53059943062108
E2,PFCAs,Branched,140,0.8,8.59720942078532,13.363555379043131
E2,PFCAs,Branched,140,0.9,8.53169232969852,13.217523552246197
E2,PFCAs,Linear,140,0.2,0.0,0.0
E2,PFCAs,Linear,140,0.3,198.68301779008004,313.4172868031804
E2,PFCAs,Linear,140,0.4,249.55796705608577,395.99251949744803
E2,PFCAs,Linear,140,0.5,186.98512008348217,290.104087295722
E2,PFCAs,Linear,140,0.6,207.7137625848672,321.3172980447027
E2,PFCAs,Linear,140,0.6666666666666666,213.2781335965117,329.45359972140005
E2,PFCAs,Linear,140,0.7,213.14065603505816,328.9875706199728
E2,PFCAs,Linear,140,0.8,209.99420473604292,322.0507139571103
E2,PFCAs,Linear,140,0.9,207.47222336952032,315.1225676436712
E2,PFDA,Branched,140,0.2,0.0,0.0
E2,PFDA,Branched,140,0.3,0.0676809944890821,0.10678612371039631
E2,PFDA,Branched,140,0.4,0.06137101077814199,0.09353273566624135
E2,PFDA,Branched,140,0.5,0.06413435437908262,0.09849584101786629
E2,PFDA,Branched,140,0.6,0.0718195097835467,0.11026481785931805
E2,PFDA,Branched,140,0.6666666666666666,0.07398781473080077,0.11338632481936436
E2,PFDA,Branched,140,0.7,0.07372214408205811,0.11268264530013865
E2,PFDA,Branched,140,0.8,0.07243961371165318,0.10944134175060216
E2,PFDA,Branched,140,0.9,0.07136606307332133,0.10598931007074597
E2,PFDA,Linear,140,0.2,0.0,0.0
E2,PFDA,Linear,140,0.3,0.5262573927602782,0.7829418641604988
E2,PFDA,Linear,140,0.4,0.5416166408623253,0.8208608729655003
E2,PFDA,Linear,140,0.5,0.5853725313449595,0.916525854535041
E2,PFDA,Linear,140,0.6,0.6519740757906015,1.02281452724232
E2,PFDA,Linear,140,0.6666666666666666,0.6804874254202781,1.0657495551829377
E2,PFDA,Linear,140,0.7,0.6818590622058086,1.067456928700416
E2,PFDA,Linear,140,0.8,0.6769456569932678,1.0571184369909383
E2,PFDA,Linear,140,0.9,0.6737002016533471,1.0499047028741793
E2,PFDS,Branched,140,0.2,0.0,0.0
E2,PFDS,Branched,140,0.3,64.32461848852908,92.98607202858199
E2,PFDS,Branched,140,0.4,68.74277854370546,103.69380888732668
E2,PFDS,Branched,140,0.5,74.16138453469203,113.73972460406378
E2,PFDS,Branched,140,0.6,84.9804947227579,131.12096311552423
E2,PFDS,Branched,140,0.6666666666666666,87.28319648805179,134.4659816728499
E2,PFDS,Branched,140,0.7,87.38636592335395,134.53039340728753
E2,PFDS,Branched,140,0.8,86.47112853178551,132.4157807372874
E2,PFDS,Branched,140,0.9,85.37992619593474,129.47688722747174
E2,PFDS,Linear,140,0.2,0.0,0.0
E2,PFDS,Linear,140,0.3,79.42847011427112,125.57744124170223
E2,PFDS,Linear,140,0.4,70.93054069048192,106.91461024879204
E2,PFDS,Linear,140,0.5,74.86743977476176,113.33098082511867
E2,PFDS,Linear,140,0.6,85.90216206591609,130.5059152290364
E2,PFDS,Linear,140,0.6666666666666666,89.04774034405575,135.43713655575263
E2,PFDS,Linear,140,0.7,88.9907935163867,135.02202030544547
E2,PFDS,Linear,140,0.8,87.76558011746988,131.15778622444958
E2,PFDS,Linear,140,0.9,87.23210276110403,128.1467465865019
E2,PFDoDA,Branched,140,0.2,0.0,0.0
E2,PFDoDA,Branched,140,0.3,0.47293611702847443,0.7309068377635686
E2,PFDoDA,Branched,140,0.4,0.5314200084625051,0.8037366460129571
E2,PFDoDA,Branched,140,0.5,0.5533987775651877,0.8246800543353301
E2,PFDoDA,Branched,140,0.6,0.6287599304580951,0.9420249168468365
E2,PFDoDA,Branched,140,0.6666666666666666,0.6539053005291805,0.9820952598677319
E2,PFDoDA,Branched,140,0.7,0.6542064634757576,0.9794808353276357
E2,PFDoDA,Branched,140,0.8,0.6510106148593462,0.9618737957457412
E2,PFDoDA,Branched,140,0.9,0.6483110909945884,0.9386037678298915
E2,PFDoDA,Linear,140,0.2,0.0,0.0
E2,PFDoDA,Linear,140,0.3,0.22733124386389966,0.35207355938672147
E2,PFDoDA,Linear,140,0.4,0.26129081511074104,0.3867997001056447
E2,PFDoDA,Linear,140,0.5,0.2740580996511257,0.39922822512731515
E2,PFDoDA,Linear,140,0.6,0.30094362009021425,0.4453707393137219
E2,PFDoDA,Linear,140,0.6666666666666666,0.3149573859971317,0.4680584096719116
E2,PFDoDA,Linear,140,0.7,0.3165449697027259,0.46941557937521533
E2,PFDoDA,Linear,140,0.8,0.31766683562630565,0.4645039528135478
E2,PFDoDA,Linear,140,0.9,0.31868738118799866,0.45907005387090627
E2,PFDoDS,Branched,140,0.2,0.0,0.0
E2,PFDoDS,Branched,140,0.3,22.26214347943962,33.10033016111228
E2,PFDoDS,Branched,140,0.4,23.816772105589312,35.1722971637926
E2,PFDoDS,Branched,140,0.5,25.12785699721603,36.590276059427595
E2,PFDoDS,Branched,140,0.6,27.76899721793467,41.11915435837405
E2,PFDoDS,Branched,140,0.6666666666666666,29.05286877349851,43.26313444966864
E2,PFDoDS,Branched,140,0.7,29.235460518436728,43.50183005142825
E2,PFDoDS,Branched,140,0.8,29.390011846910113,43.347482508020676
E2,PFDoDS,Branched,140,0.9,29.372800961921723,42.57429309115565
E2,PFDoDS,Linear,140,0.2,0.0,0.0
E2,PFDoDS,Linear,140,0.3,6.324906616678551,9.45282167879208
E2,PFDoDS,Linear,140,0.4,6.891962156970187,10.156960205091272
E2,PFDoDS,Linear,140,0.5,7.305835216531737,10.705455942023196
E2,PFDoDS,Linear,140,0.6,7.839970007146707,11.499427677431985
E2,PFDoDS,Linear,140,0.6666666666666666,8.119461416255202,11.956996170227878
E2,PFDoDS,Linear,140,0.7,8.17575289155118,12.06291103296827
E2,PFDoDS,Linear,140,0.8,8.235824119700256,12.159212438370547
E2,PFDoDS,Linear,140,0.9,8.25807547931033,12.086529005536576
E2,PFHpA,Branched,140,0.2,0.0,0.0
E2,PFHpA,Branched,140,0.3,0.3075571528880309,0.48658660483449656
E2,PFHpA,Branched,140,0.4,0.23420287953042962,0.3675351216180043
E2,PFHpA,Branched,140,0.5,0.2726684379090799,0.42829782786291076
E2,PFHpA,Branched,140,0.6,0.3033878477173398,0.476320581052946
E2,PFHpA,Branched,140,0.6666666666666666,0.3084719997545365,0.4828510603972743
E2,PFHpA,Branched,140,0.7,0.3090966821094303,0.4837379085083109
E2,PFHpA,Branched,140,0.8,0.30661879001576925,0.47894295207543197
E2,PFHpA,Branched,140,0.9,0.30585442932394064,0.4770235365998835
E2,PFHpA,Linear,140,0.2,0.0,0.0
E2,PFHpA,Linear,140,0.3,1.6140894027452772,2.550726161716052
E2,PFHpA,Linear,140,0.4,1.3936876113088787,2.1435235608158467
E2,PFHpA,Linear,140,0.5,1.4987051440723174,2.3402007220656498
E2,PFHpA,Linear,140,0.6,1.6588772397178888,2.585922421852511
E2,PFHpA,Linear,140,0.6666666666666666,1.703664836555238,2.6502113635733267
E2,PFHpA,Linear,140,0.7,1.7060482390121543,2.6535319800048165
E2,PFHpA,Linear,140,0.8,1.6863406212575351,2.6139372769095353
E2,PFHpA,Linear,140,0.9,1.6703988586176794,2.5780317341829955
E2,PFHpS,Branched,140,0.2,0.0,
E2,PFHpS,Branched,140,0.3,0.0,
E2,PFHpS,Branched,140,0.4,0.0,
E2,PFHpS,Branched,140,0.5,0.0,
E2,PFHpS,Branched,140,0.6,0.0,
E2,PFHpS,Branched,140,0.6666666666666666,0.0,
E2,PFHpS,Branched,140,0.7,0.0,
E2,PFHpS,Branched,140,0.8,0.0,
E2,PFHpS,Branched,140,0.9,0.0,
E2,PFHpS,Linear,140,0.2,0.0,0.0
E2,PFHpS,Linear,140,0.3,0.2026769100208392,0.3196107502600121
E2,PFHpS,Linear,140,0.4,0.17616370559127015,0.27188817401288284
E2,PFHpS,Linear,140,0.5,0.19084737145427036,0.2953248492951535
E2,PFHpS,Linear,140,0.6,0.21223739550402346,0.3278401865965253
E2,PFHpS,Linear,140,0.6666666666666666,0.21740079500163423,0.33508925526743444
E2,PFHpS,Linear,140,0.7,0.21719785001762426,0.3344411700949329
E2,PFHpS,Linear,140,0.8,0.2143851279508657,0.3279364479352723
E2,PFHpS,Linear,140,0.9,0.21171850552562954,0.320202021055896
E2,PFHxA,Branched,140,0.2,0.0,
E2,PFHxA,Branched,140,0.3,0.0,
E2,PFHxA,Branched,140,0.4,0.0,
E2,PFHxA,Branched,140,0.5,0.0,
E2,PFHxA,Branched,140,0.6,0.0,
E2,PFHxA,Branched,140,0.6666666666666666,0.0,
E2,PFHxA,Branched,140,0.7,0.0,
E2,PFHxA,Branched,140,0.8,0.0,
E2,PFHxA,Branched,140,0.9,0.0,
E2,PFHxA,Linear,140,0.2,0.0,0.0
E2,PFHxA,Linear,140,0.3,7.016483644768808,11.086622636909198
E2,PFHxA,Linear,140,0.4,5.809973426226306,8.917796697743634
E2,PFHxA,Linear,140,0.5,6.276036085796946,9.841249911871966
E2,PFHxA,Linear,140,0.6,6.965961652017903,10.910157168346895
E2,PFHxA,Linear,140,0.6666666666666666,7.0664216570283855,11.038524039912506
E2,PFHxA,Linear,140,0.7,7.062492991956637,11.025584005579999
E2,PFHxA,Linear,140,0.8,7.034790021084936,10.965267204114536
E2,PFHxA,Linear,140,0.9,6.999871039289952,10.882204041035298
E2,PFHxS,Branched,140,0.2,0.0,0.0
E2,PFHxS,Branched,140,0.3,0.14974230847192535,0.23612009029034078
E2,PFHxS,Branched,140,0.4,0.13088268189448116,0.20205752932336987
E2,PFHxS,Branched,140,0.5,0.14021862012740877,0.21714772436984642
E2,PFHxS,Branched,140,0.6,0.15549104635931185,0.2407281142481962
E2,PFHxS,Branched,140,0.6666666666666666,0.1598152877305919,0.24710464400570706
E2,PFHxS,Branched,140,0.7,0.15976848532807925,0.24686552780153365
E2,PFHxS,Branched,140,0.8,0.15777342887388754,0.2424824474994305
E2,PFHxS,Branched,140,0.9,0.15610791586606837,0.23795044383444433
E2,PFHxS,Linear,140,0.2,0.0,0.0
E2,PFHxS,Linear,140,0.3,0.6199552976809412,0.9789283954167308
E2,PFHxS,Linear,140,0.4,0.519722724878478,0.8008939475029045
E2,PFHxS,Linear,140,0.5,0.556474104073375,0.8664611001687013
E2,PFHxS,Linear,140,0.6,0.6153527382097269,0.9601410695392263
E2,PFHxS,Linear,140,0.6666666666666666,0.6280305961739425,0.9775529660413268
E2,PFHxS,Linear,140,0.7,0.6290086290287977,0.9788592367530606
E2,PFHxS,Linear,140,0.8,0.6241032069649803,0.9687386403622225
E2,PFHxS,Linear,140,0.9,0.6201998892587299,0.9592670532369266
E2,PFNA,Branched,140,0.2,0.0,0.0
E2,PFNA,Branched,140,0.3,0.0790306557073543,0.1221497933640985
E2,PFNA,Branched,140,0.4,0.09020568647412591,0.13971448831709532
E2,PFNA,Branched,140,0.5,0.09446305500005621,0.14641679094408075
E2,PFNA,Branched,140,0.6,0.10414395693892917,0.16128447007654945
E2,PFNA,Branched,140,0.6666666666666666,0.10789891084612896,0.16711451744323988
E2,PFNA,Branched,140,0.7,0.10795927470056728,0.1671176854766019
E2,PFNA,Branched,140,0.8,0.10646897610123976,0.16398528074236568
E2,PFNA,Branched,140,0.9,0.10530586886705857,0.161175447516483
E2,PFNA,Linear,140,0.2,0.0,0.0
E2,PFNA,Linear,140,0.3,0.22936434403901837,0.36259260926922926
E2,PFNA,Linear,140,0.4,0.19110843211559975,0.29389997542966206
E2,PFNA,Linear,140,0.5,0.20658685895310827,0.32303740587756635
E2,PFNA,Linear,140,0.6,0.2314558843577416,0.36074896202958023
E2,PFNA,Linear,140,0.6666666666666666,0.23649787395921204,0.3679102856142762
E2,PFNA,Linear,140,0.7,0.23664263512627104,0.3679993226623759
E2,PFNA,Linear,140,0.8,0.23350886519277336,0.3615580429200288
E2,PFNA,Linear,140,0.9,0.2313217905136799,0.35655168684751565
E2,PFNS,Branched,140,0.2,0.0,0.0
E2,PFNS,Branched,140,0.3,75.22458568359377,110.33628560886633
E2,PFNS,Branched,140,0.4,132.0639610458033,199.92867798400002
E2,PFNS,Branched,140,0.5,142.15233165766406,220.5244375848936
E2,PFNS,Branched,140,0.6,160.34801835235012,250.5565440410067
E2,PFNS,Branched,140,0.6666666666666666,165.5596216854567,258.04285401241793
E2,PFNS,Branched,140,0.7,166.14994480234043,258.8921710140435
E2,PFNS,Branched,140,0.8,164.65634252315385,255.6101248507146
E2,PFNS,Branched,140,0.9,163.56403268004084,253.09193453764902
E2,PFNS,Linear,140,0.2,0.0,0.0
E2,PFNS,Linear,140,0.3,59.96413726820202,88.03282183737909
E2,PFNS,Linear,140,0.4,62.68257706011156,94.93213596281419
E2,PFNS,Linear,140,0.5,67.79941398891494,105.2465425503171
E2,PFNS,Linear,140,0.6,77.17103051097632,120.55440920656307
E2,PFNS,Linear,140,0.6666666666666666,79.58533790538638,123.90130130513882
E2,PFNS,Linear,140,0.7,79.77664851005771,124.13622958684086
E2,PFNS,Linear,140,0.8,79.11588322055219,122.7681037727014
E2,PFNS,Linear,140,0.9,78.51713179457661,121.45595380856614
E2,PFOA,Branched,140,0.2,0.0,0.0
E2,PFOA,Branched,140,0.3,4.6165364566476965,7.167206848492094
E2,PFOA,Branched,140,0.4,5.319621294584845,8.30513779398483
E2,PFOA,Branched,140,0.5,5.650431137241652,8.875689845997561
E2,PFOA,Branched,140,0.6,6.183649513093387,9.723991908509646
E2,PFOA,Branched,140,0.6666666666666666,6.292063284539603,9.87401915120241
E2,PFOA,Branched,140,0.7,6.296238213029022,9.875862863988438
E2,PFOA,Branched,140,0.8,6.291853542391119,9.862467239153379
E2,PFOA,Branched,140,0.9,6.280645638213074,9.833096706129908
E2,PFOA,Linear,140,0.2,0.0,0.0
E2,PFOA,Linear,140,0.3,32.04519736128405,50.70012540132672
E2,PFOA,Linear,140,0.4,26.414877049095825,41.13079702419812
E2,PFOA,Linear,140,0.5,28.312961981794626,44.4562167739334
E2,PFOA,Linear,140,0.6,31.243745453470243,49.07253804941614
E2,PFOA,Linear,140,0.6666666666666666,31.84291560439395,49.889107190921756
E2,PFOA,Linear,140,0.7,31.881277892111832,49.93248501560062
E2,PFOA,Linear,140,0.8,31.67107757566865,49.52166063619562
E2,PFOA,Linear,140,0.9,31.602030016358178,49.349334639777695
E2,PFOS,Branched,140,0.2,0.0,0.0
E2,PFOS,Branched,140,0.3,8.170100102916113,12.88295585627052
E2,PFOS,Branched,140,0.4,7.292479574472586,11.181685358445026
E2,PFOS,Branched,140,0.5,7.690948895263579,11.87264002333918
E2,PFOS,Branched,140,0.6,8.629531746045313,13.289800085771418
E2,PFOS,Branched,140,0.6666666666666666,8.822005494714494,13.557087469115164
E2,PFOS,Branched,140,0.7,8.800174291321607,13.500163455535054
E2,PFOS,Branched,140,0.8,8.665672583918225,13.17695425387387
E2,PFOS,Branched,140,0.9,8.538274584690418,12.775487881078599
E2,PFOS,Linear,140,0.2,0.0,0.0
E2,PFOS,Linear,140,0.3,70.82804847424187,112.02953977252933
E2,PFOS,Linear,140,0.4,53.50429892807918,83.92462756183645
E2,PFOS,Linear,140,0.5,62.75148546678403,98.3364507693386
E2,PFOS,Linear,140,0.6,70.51289299495957,110.53398615659994
E2,PFOS,Linear,140,0.6666666666666666,71.79076649982164,112.18116658020882
E2,PFOS,Linear,140,0.7,71.92304792275533,112.36637730135268
E2,PFOS,Linear,140,0.8,71.36046331221888,111.22103124903008
E2,PFOS,Linear,140,0.9,70.95292565015183,110.28496169486743
E2,PFPeA,Linear,140,0.2,0.0,0.0
E2,PFPeA,Linear,140,0.3,32.24555749859888,50.85480541863854
E2,PFPeA,Linear,140,0.4,28.444312532697456,43.60290559697852
E2,PFPeA,Linear,140,0.5,30.297139537739472,47.023612209355974
E2,PFPeA,Linear,140,0.6,33.44914199996906,51.89975378837481
E2,PFPeA,Linear,140,0.6666666666666666,34.39494800699242,53.28441966751768
E2,PFPeA,Linear,140,0.7,34.38394651049147,53.22387511126396
E2,PFPeA,Linear,140,0.8,33.98213321161455,52.335745372225176
E2,PFPeA,Linear,140,0.9,33.67524416384364,51.49395952949139
E2,PFPeS,Linear,140,0.2,0.0,0.0
E2,PFPeS,Linear,140,0.3,0.440470489223483,0.7162773598848508
E2,PFPeS,Linear,140,0.4,0.06861495671062703,0.11080021012818929
E2,PFPeS,Linear,140,0.5,0.06258969083359076,0.09801006720295978
E2,PFPeS,Linear,140,0.6,0.07029175004800442,0.110502636335824
E2,PFPeS,Linear,140,0.6666666666666666,0.0712860305869627,0.11221178492879945
E2,PFPeS,Linear,140,0.7,0.07124303199471492,0.1121113591651102
E2,PFPeS,Linear,140,0.8,0.07070684829594437,0.11082450151305752
E2,PFPeS,Linear,140,0.9,0.07028490296841051,0.10939915767505592
E2,PFSAs,Branched,140,0.2,0.0,0.0
E2,PFSAs,Branched,140,0.3,267.46547738394383,383.4636931100502
E2,PFSAs,Branched,140,0.4,287.89906140403156,432.43436539944975
E2,PFSAs,Branched,140,0.5,313.72749002586704,478.4434941689585
E2,PFSAs,Branched,140,0.6,358.36818411935155,550.8466480088172
E2,PFSAs,Branched,140,0.6666666666666666,368.7715277967141,566.0663588139389
E2,PFSAs,Branched,140,0.7,369.011748232105,565.8576695172185
E2,PFSAs,Branched,140,0.8,365.36635653392034,556.8738197690687
E2,PFSAs,Branched,140,0.9,360.9293676199067,543.9467727598528
E2,PFSAs,Linear,140,0.2,0.0,0.0
E2,PFSAs,Linear,140,0.3,232.1825486401423,367.0028510579818
E2,PFSAs,Linear,140,0.4,200.04704283002152,303.72914300888925
E2,PFSAs,Linear,140,0.5,217.59373653821282,335.3912946369584
E2,PFSAs,Linear,140,0.6,249.59980544157776,385.6786180708899
E2,PFSAs,Linear,140,0.6666666666666666,255.5587553944987,393.7085190069539
E2,PFSAs,Linear,140,0.7,254.99890982814898,392.29924892044494
E2,PFSAs,Linear,140,0.8,251.10241427591956,383.60374400218086
E2,PFSAs,Linear,140,0.9,248.45379913073748,376.49483987511724
E2,PFTeDA,Branched,140,0.2,0.0,0.0
E2,PFTeDA,Branched,140,0.3,0.5328837694614215,0.8241114056846982
E2,PFTeDA,Branched,140,0.4,0.6047696213219684,0.9132671758635882
E2,PFTeDA,Branched,140,0.5,0.6276708862653596,0.9315056982774113
E2,PFTeDA,Branched,140,0.6,0.708051324259699,1.060371383041793
E2,PFTeDA,Branched,140,0.6666666666666666,0.738986013167767,1.1109948457394045
E2,PFTeDA,Branched,140,0.7,0.7386243603030106,1.1063467020358186
E2,PFTeDA,Branched,140,0.8,0.7360045030138177,1.0887965625475247
E2,PFTeDA,Branched,140,0.9,0.7329977218618027,1.0622913272098935
E2,PFTeDA,Linear,140,0.2,0.0,0.0
E2,PFTeDA,Linear,140,0.3,0.08250745354229,0.1278291783985031
E2,PFTeDA,Linear,140,0.4,0.09911874367717644,0.14517950177015435
E2,PFTeDA,Linear,140,0.5,0.09997052878922193,0.14561507351838296
E2,PFTeDA,Linear,140,0.6,0.10731655356501116,0.15655179743052364
E2,PFTeDA,Linear,140,0.6666666666666666,0.11177484592079281,0.1645335282295955
E2,PFTeDA,Linear,140,0.7,0.11240658932012422,0.1655066873728583
E2,PFTeDA,Linear,140,0.8,0.11274616583528899,0.1647364769250564
E2,PFTeDA,Linear,140,0.9,0.11264488607122199,0.16128422993829003
E2,PFTrDA,Branched,140,0.2,0.0,0.0
E2,PFTrDA,Branched,140,0.3,0.31727438241200356,0.48990901633491835
E2,PFTrDA,Branched,140,0.4,0.35713789582394334,0.5385114167954118
E2,PFTrDA,Branched,140,0.5,0.37447569014154436,0.555842851276494
E2,PFTrDA,Branched,140,0.6,0.4202156675465558,0.626080467625045
E2,PFTrDA,Branched,140,0.6666666666666666,0.43744184553175236,0.653674936852497
E2,PFTrDA,Branched,140,0.7,0.4392045025963666,0.6552216671977023
E2,PFTrDA,Branched,140,0.8,0.4382858340871041,0.6459352449252743
E2,PFTrDA,Branched,140,0.9,0.4371089737719368,0.6322275241005708
E2,PFTrDA,Linear,140,0.2,0.0,0.0
E2,PFTrDA,Linear,140,0.3,0.12805722572116013,0.19909736431280892
E2,PFTrDA,Linear,140,0.4,0.16416154499253313,0.24534361007197078
E2,PFTrDA,Linear,140,0.5,0.16369822411842072,0.24137594714679625
E2,PFTrDA,Linear,140,0.6,0.1742218941535413,0.25735578347970456
E2,PFTrDA,Linear,140,0.6666666666666666,0.17874861620572316,0.26350058715058244
E2,PFTrDA,Linear,140,0.7,0.17957158090127742,0.26463934124589306
E2,PFTrDA,Linear,140,0.8,0.18082166372957736,0.2651263142372207
E2,PFTrDA,Linear,140,0.9,0.1815555953855845,0.2633738308847807
E2,PFTrDS,Branched,140,0.2,0.0,0.0
E2,PFTrDS,Branched,140,0.3,25.338854134578487,37.38477623536742
E2,PFTrDS,Branched,140,0.4,27.267325582958897,40.07383009061082
E2,PFTrDS,Branched,140,0.5,28.4793496566453,41.44311666776268
E2,PFTrDS,Branched,140,0.6,31.205356121888492,46.13294444998836
E2,PFTrDS,Branched,140,0.6666666666666666,32.54009644792801,48.264955470786326
E2,PFTrDS,Branched,140,0.7,32.75340489242055,48.54747778992604
E2,PFTrDS,Branched,140,0.8,32.92473965868948,48.45065714693991
E2,PFTrDS,Branched,140,0.9,32.951362793258596,47.751766503220736
E2,PFTrDS,Linear,140,0.2,0.0,0.0
E2,PFTrDS,Linear,140,0.3,1.563087704903776,2.4336853499554985
E2,PFTrDS,Linear,140,0.4,2.06732215830886,3.0434579497322116
E2,PFTrDS,Linear,140,0.5,2.104046240374326,3.1036576566547427
E2,PFTrDS,Linear,140,0.6,2.2115178746099,3.251970652007844
E2,PFTrDS,Linear,140,0.6666666666666666,2.2647267150520443,3.3296052229041786
E2,PFTrDS,Linear,140,0.7,2.2739642912165237,3.3435258766495175
E2,PFTrDS,Linear,140,0.8,2.279785261769865,3.353102083477267
E2,PFTrDS,Linear,140,0.9,2.293865696034303,3.3767897530504016
E2,PFUnDA,Branched,140,0.2,0.0,0.0
E2,PFUnDA,Branched,140,0.3,0.21262742093965542,0.336425625797702
E2,PFUnDA,Branched,140,0.4,0.20949985317035622,0.3152247599785401
E2,PFUnDA,Branched,140,0.5,0.22361471610012548,0.3428590559733015
E2,PFUnDA,Branched,140,0.6,0.24959200858006875,0.3881849573405857
E2,PFUnDA,Branched,140,0.6666666666666666,0.2576078727328616,0.3992233288330613
E2,PFUnDA,Branched,140,0.7,0.258074353915898,0.3995019230908547
E2,PFUnDA,Branched,140,0.8,0.25880332372343107,0.4004069588308914
E2,PFUnDA,Branched,140,0.9,0.25755618183996865,0.39739182833373793
E2,PFUnDA,Linear,140,0.2,0.0,0.0
E2,PFUnDA,Linear,140,0.3,0.2408823558660171,0.3806875912502769
E2,PFUnDA,Linear,140,0.4,0.20802491106222085,0.3146054138880548
E2,PFUnDA,Linear,140,0.5,0.2271540059816727,0.3475608304853798
E2,PFUnDA,Linear,140,0.6,0.26146065170897226,0.4016165373565895
E2,PFUnDA,Linear,140,0.6666666666666666,0.2684299058140787,0.4120884002184597
E2,PFUnDA,Linear,140,0.7,0.2687531201769147,0.41228620499109864
E2,PFUnDA,Linear,140,0.8,0.26551760866578505,0.40461159389543655
E2,PFUnDA,Linear,140,0.9,0.2615827439352976,0.3930736100010844
E2,PFUnDS,Branched,140,0.2,0.0,0.0
E2,PFUnDS,Branched,140,0.3,41.57855408883188,61.77795705245499
E2,PFUnDS,Branched,140,0.4,43.22579608311213,64.14646772755397
E2,PFUnDS,Branched,140,0.5,46.18119714617867,67.70660527389454
E2,PFUnDS,Branched,140,0.6,51.35845980723302,76.33424483314124
E2,PFUnDS,Branched,140,0.6666666666666666,53.683159840046166,80.37816197129804
E2,PFUnDS,Branched,140,0.7,54.00344439146227,80.77234100319119
E2,PFUnDS,Branched,140,0.8,54.09396188758413,80.05037747516819
E2,PFUnDS,Branched,140,0.9,54.012366547738544,78.57932533005383
E2,PFUnDS,Linear,140,0.2,0.0,0.0
E2,PFUnDS,Linear,140,0.3,6.881805286784511,10.262343317764225
E2,PFUnDS,Linear,140,0.4,7.400245126992541,10.91384501978442
E2,PFUnDS,Linear,140,0.5,7.795154397621465,11.36014767505337
E2,PFUnDS,Linear,140,0.6,8.5871386512002,12.717021102538563
E2,PFUnDS,Linear,140,0.6666666666666666,8.964729525625955,13.31923439686797
E2,PFUnDS,Linear,140,0.7,9.024008753273916,13.392004187791937
E2,PFUnDS,Linear,140,0.8,9.069516951598155,13.362240646583947
E2,PFUnDS,Linear,140,0.9,9.070457492812698,13.146787460127284
E3,PFBA,Linear,140,0.2,0.0,0.0
E3,PFBA,Linear,140,0.3,81.79099841120656,128.2896084690593
E3,PFBA,Linear,140,0.4,99.31152483550532,146.60298290924933
E3,PFBA,Linear,140,0.5,109.48247007228356,164.307627236031
E3,PFBA,Linear,140,0.6,129.79793677096026,199.4629033054051
E3,PFBA,Linear,140,0.6666666666666666,133.86350559110022,205.01943220093563
E3,PFBA,Linear,140,0.7,133.65837036372008,203.83986401133876
E3,PFBA,Linear,140,0.8,133.451118653789,201.50574794511232
E3,PFBA,Linear,140,0.9,131.92201191525706,194.72419998574844
E3,PFBS,Linear,140,0.2,0.0,0.0
E3,PFBS,Linear,140,0.3,0.23096368256329897,0.3530871585164386
E3,PFBS,Linear,140,0.4,0.2983335720659394,0.4495992386821794
E3,PFBS,Linear,140,0.5,0.3311212228297225,0.5006734789909332
E3,PFBS,Linear,140,0.6,0.39510695619787517,0.6063286285755776
E3,PFBS,Linear,140,0.6666666666666666,0.41254105116452483,0.6329220684286156
E3,PFBS,Linear,140,0.7,0.41136275554956847,0.6287108740132485
E3,PFBS,Linear,140,0.8,0.4069162230597022,0.6134270391200647
E3,PFBS,Linear,140,0.9,0.4012691103505483,0.5884609341126564
E3,PFCAs,Branched,140,0.2,0.0,0.0
E3,PFCAs,Branched,140,0.3,5.12386498987546,7.908882798765048
E3,PFCAs,Branched,140,0.4,6.317215032256662,9.805589993202371
E3,PFCAs,Branched,140,0.5,6.920131602923162,10.7180765416139
E3,PFCAs,Branched,140,0.6,7.896697645397038,12.262216454492611
E3,PFCAs,Branched,140,0.6666666666666666,8.432489823610144,13.134322935181583
E3,PFCAs,Branched,140,0.7,8.462746485004661,13.171980302000952
E3,PFCAs,Branched,140,0.8,8.407574325370295,13.032110483697235
E3,PFCAs,Branched,140,0.9,8.305211402300966,12.790840994927553
E3,PFCAs,Linear,140,0.2,0.0,0.0
E3,PFCAs,Linear,140,0.3,113.7274890550661,173.3016418701561
E3,PFCAs,Linear,140,0.4,157.23690772416154,241.44496461146545
E3,PFCAs,Linear,140,0.5,169.64510973010772,259.4552662055671
E3,PFCAs,Linear,140,0.6,199.50303111798473,308.19644204338465
E3,PFCAs,Linear,140,0.6666666666666666,207.30496647422328,319.77438255899597
E3,PFCAs,Linear,140,0.7,207.30119555767638,319.03747569362247
E3,PFCAs,Linear,140,0.8,205.06450299643953,312.4304432605265
E3,PFCAs,Linear,140,0.9,202.19390053870643,302.93108225304616
E3,PFDA,Branched,140,0.2,0.0,0.0
E3,PFDA,Branched,140,0.3,0.04021519617967373,0.06151053313409509
E3,PFDA,Branched,140,0.4,0.05244428335277485,0.07785459798085054
E3,PFDA,Branched,140,0.5,0.05945638763301129,0.09052440974749879
E3,PFDA,Branched,140,0.6,0.07022355297144144,0.10793320117982601
E3,PFDA,Branched,140,0.6666666666666666,0.07285210257753147,0.11161980374883941
E3,PFDA,Branched,140,0.7,0.07265936396753223,0.11086484289704783
E3,PFDA,Branched,140,0.8,0.0717681477468423,0.10768938033836135
E3,PFDA,Branched,140,0.9,0.07102734140016902,0.10389345455912023
E3,PFDA,Linear,140,0.2,0.0,0.0
E3,PFDA,Linear,140,0.3,0.4536381198983764,0.6585985112714675
E3,PFDA,Linear,140,0.4,0.4826274472155862,0.725601540923564
E3,PFDA,Linear,140,0.5,0.5215165953919676,0.8035382996303422
E3,PFDA,Linear,140,0.6,0.6102401879398874,0.9535576159438576
E3,PFDA,Linear,140,0.6666666666666666,0.6686596181633656,1.0479022170278
E3,PFDA,Linear,140,0.7,0.6748208478224503,1.0578805965381428
E3,PFDA,Linear,140,0.8,0.6723698629104893,1.051874572943955
E3,PFDA,Linear,140,0.9,0.663896541852013,1.0337653767909858
E3,PFDS,Branched,140,0.2,0.0,0.0
E3,PFDS,Branched,140,0.3,54.968350722079215,77.57200162225449
E3,PFDS,Branched,140,0.4,63.89233437640029,94.52615048918493
E3,PFDS,Branched,140,0.5,69.20964065803415,105.09532809460511
E3,PFDS,Branched,140,0.6,81.16943594431662,124.82957099628186
E3,PFDS,Branched,140,0.6666666666666666,85.22555143070576,130.90717151557726
E3,PFDS,Branched,140,0.7,85.47878880715061,131.0045668547084
E3,PFDS,Branched,140,0.8,85.35346211753185,129.8022127899538
E3,PFDS,Branched,140,0.9,84.39690970796613,126.55135924358287
E3,PFDS,Linear,140,0.2,0.0,0.0
E3,PFDS,Linear,140,0.3,47.98091656260204,73.5119067879762
E3,PFDS,Linear,140,0.4,65.20117112311482,97.4519953794809
E3,PFDS,Linear,140,0.5,69.87109501820052,102.80667476136124
E3,PFDS,Linear,140,0.6,83.58213764770288,126.18989177696267
E3,PFDS,Linear,140,0.6666666666666666,87.02843267749142,130.64778506016808
E3,PFDS,Linear,140,0.7,87.66021317562401,131.25147543321455
E3,PFDS,Linear,140,0.8,88.00831921099218,128.20519617964803
E3,PFDS,Linear,140,0.9,88.2040467851361,125.97298818762548
E3,PFDoDA,Branched,140,0.2,0.0,0.0
E3,PFDoDA,Branched,140,0.3,0.3601854663373698,0.5535163805173532
E3,PFDoDA,Branched,140,0.4,0.5531646782324725,0.8777482731338438
E3,PFDoDA,Branched,140,0.5,0.5027006589542383,0.7135950509054404
E3,PFDoDA,Branched,140,0.6,0.6001574768339569,0.8864733298649717
E3,PFDoDA,Branched,140,0.6666666666666666,0.6420773026871565,0.9491893161553734
E3,PFDoDA,Branched,140,0.7,0.6489674707422067,0.956650410465538
E3,PFDoDA,Branched,140,0.8,0.6601007696233439,0.9552195299363712
E3,PFDoDA,Branched,140,0.9,0.6624481291169684,0.9355412726545742
E3,PFDoDA,Linear,140,0.2,0.0,0.0
E3,PFDoDA,Linear,140,0.3,0.17243332993129948,0.26563627086753117
E3,PFDoDA,Linear,140,0.4,0.24749118163528663,0.35809412601706875
E3,PFDoDA,Linear,140,0.5,0.2597655189897408,0.3677431871773878
E3,PFDoDA,Linear,140,0.6,0.29406635275547244,0.4284057686217827
E3,PFDoDA,Linear,140,0.6666666666666666,0.31318458659792436,0.455623175138627
E3,PFDoDA,Linear,140,0.7,0.3177901301247363,0.46180188390653143
E3,PFDoDA,Linear,140,0.8,0.3258218066114898,0.4668203389219764
E3,PFDoDA,Linear,140,0.9,0.3282696952114427,0.46245951123320533
E3,PFDoDS,Branched,140,0.2,0.0,0.0
E3,PFDoDS,Branched,140,0.3,71.51817058595857,113.47237359574704
E3,PFDoDS,Branched,140,0.4,22.304842773709023,31.981613265037673
E3,PFDoDS,Branched,140,0.5,23.83022896905852,33.98734804053335
E3,PFDoDS,Branched,140,0.6,27.181428104031227,39.64359425369688
E3,PFDoDS,Branched,140,0.6666666666666666,28.899770372690725,42.19063901491314
E3,PFDoDS,Branched,140,0.7,29.273405682128494,42.70357548682821
E3,PFDoDS,Branched,140,0.8,29.91645908401983,43.15156182396594
E3,PFDoDS,Branched,140,0.9,30.14302058805908,42.67365779939972
E3,PFDoDS,Linear,140,0.2,0.0,0.0
E3,PFDoDS,Linear,140,0.3,5.6189789498232745,8.291441202327322
E3,PFDoDS,Linear,140,0.4,6.906477190705524,10.055126126880095
E3,PFDoDS,Linear,140,0.5,7.151815973982229,10.335412621708011
E3,PFDoDS,Linear,140,0.6,7.841736779628944,11.485889906507165
E3,PFDoDS,Linear,140,0.6666666666666666,8.200345886024065,12.007451344827592
E3,PFDoDS,Linear,140,0.7,8.279551430822515,12.108210750987698
E3,PFDoDS,Linear,140,0.8,8.389766946217645,12.169149133805467
E3,PFDoDS,Linear,140,0.9,8.417233317478814,12.024416160752988
E3,PFHpA,Branched,140,0.2,0.0,0.0
E3,PFHpA,Branched,140,0.3,0.16997591651559024,0.2603168489758169
E3,PFHpA,Branched,140,0.4,0.20687848814177812,0.32052865955907806
E3,PFHpA,Branched,140,0.5,0.23813767750381942,0.3687981320319421
E3,PFHpA,Branched,140,0.6,0.283055381617853,0.44292098747961206
E3,PFHpA,Branched,140,0.6666666666666666,0.3015339789700204,0.472249459565626
E3,PFHpA,Branched,140,0.7,0.30400500400478064,0.476218029182058
E3,PFHpA,Branched,140,0.8,0.30156096996262455,0.4710482343830688
E3,PFHpA,Branched,140,0.9,0.29763497004080863,0.4626873599434456
E3,PFHpA,Linear,140,0.2,0.0,0.0
E3,PFHpA,Linear,140,0.3,0.9814640015181471,1.5109178753016224
E3,PFHpA,Linear,140,0.4,1.8877122215959148,2.99537589416207
E3,PFHpA,Linear,140,0.5,1.3573339118578467,2.096470397252301
E3,PFHpA,Linear,140,0.6,1.5590484009042216,2.4177560547585957
E3,PFHpA,Linear,140,0.6666666666666666,1.6649398086374907,2.589023693939963
E3,PFHpA,Linear,140,0.7,1.6659151048566725,2.5871609579038553
E3,PFHpA,Linear,140,0.8,1.6532643369921087,2.555267271310759
E3,PFHpA,Linear,140,0.9,1.6306805254979115,2.5000482453741038
E3,PFHpS,Branched,140,0.2,0.0,
E3,PFHpS,Branched,140,0.3,0.0,
E3,PFHpS,Branched,140,0.4,0.0,
E3,PFHpS,Branched,140,0.5,0.0,
E3,PFHpS,Branched,140,0.6,0.0,
E3,PFHpS,Branched,140,0.6666666666666666,0.0,
E3,PFHpS,Branched,140,0.7,0.0,
E3,PFHpS,Branched,140,0.8,0.0,
E3,PFHpS,Branched,140,0.9,0.0,
E3,PFHpS,Linear,140,0.2,0.0,0.0
E3,PFHpS,Linear,140,0.3,0.13056992356878666,0.20489886593387535
E3,PFHpS,Linear,140,0.4,0.1600136194066311,0.2454446330375988
E3,PFHpS,Linear,140,0.5,0.1709286007474162,0.2602544279217789
E3,PFHpS,Linear,140,0.6,0.20399252197500806,0.31460917612491707
E3,PFHpS,Linear,140,0.6666666666666666,0.21184309920549443,0.32624223408214903
E3,PFHpS,Linear,140,0.7,0.21178160784623679,0.3253090789926612
E3,PFHpS,Linear,140,0.8,0.2101931846656295,0.31995560773391124
E3,PFHpS,Linear,140,0.9,0.20668776450717222,0.30806520299296114
E3,PFHxA,Branched,140,0.2,0.0,
E3,PFHxA,Branched,140,0.3,0.0,
E3,PFHxA,Branched,140,0.4,0.0,
E3,PFHxA,Branched,140,0.5,0.0,
E3,PFHxA,Branched,140,0.6,0.0,
E3,PFHxA,Branched,140,0.6666666666666666,0.0,
E3,PFHxA,Branched,140,0.7,0.0,
E3,PFHxA,Branched,140,0.8,0.0,
E3,PFHxA,Branched,140,0.9,0.0,
E3,PFHxA,Linear,140,0.2,0.0,0.0
E3,PFHxA,Linear,140,0.3,3.8427723739390856,5.875189670842783
E3,PFHxA,Linear,140,0.4,4.97947419749275,7.640073426029752
E3,PFHxA,Linear,140,0.5,5.4680940072903566,8.476852300297518
E3,PFHxA,Linear,140,0.6,6.434993268892733,10.021738420750486
E3,PFHxA,Linear,140,0.6666666666666666,6.809566975141827,10.620755722756996
E3,PFHxA,Linear,140,0.7,6.849510217115125,10.681550152482574
E3,PFHxA,Linear,140,0.8,6.7958470820724,10.558528878391378
E3,PFHxA,Linear,140,0.9,6.7190995407802045,10.38492927983473
E3,PFHxS,Branched,140,0.2,0.0,0.0
E3,PFHxS,Branched,140,0.3,0.08528939533634824,0.1299799077754679
E3,PFHxS,Branched,140,0.4,0.1172627394140595,0.1799223832608424
E3,PFHxS,Branched,140,0.5,0.12726089303164984,0.19503238652962604
E3,PFHxS,Branched,140,0.6,0.14648593801386378,0.22566769667025952
E3,PFHxS,Branched,140,0.6666666666666666,0.15457327572653543,0.23849894198853863
E3,PFHxS,Branched,140,0.7,0.1550292618239557,0.23892862562301298
E3,PFHxS,Branched,140,0.8,0.15294394153528726,0.2332339455791487
E3,PFHxS,Branched,140,0.9,0.15078742051560792,0.2263010340570076
E3,PFHxS,Linear,140,0.2,0.0,0.0
E3,PFHxS,Linear,140,0.3,0.35419016847896256,0.5438874662927924
E3,PFHxS,Linear,140,0.4,0.6926421408532196,1.0990677224299183
E3,PFHxS,Linear,140,0.5,0.4928804732990353,0.7627700852324751
E3,PFHxS,Linear,140,0.6,0.5740080562417378,0.8901114111890454
E3,PFHxS,Linear,140,0.6666666666666666,0.6059251352966532,0.9414974286614269
E3,PFHxS,Linear,140,0.7,0.6075460296969343,0.9431131251546279
E3,PFHxS,Linear,140,0.8,0.6024486103468483,0.9303699667513226
E3,PFHxS,Linear,140,0.9,0.5946755278349525,0.9113049509186789
E3,PFNA,Branched,140,0.2,0.0,0.0
E3,PFNA,Branched,140,0.3,0.06271035471776162,0.09662668965148968
E3,PFNA,Branched,140,0.4,0.0778881218032339,0.11853641961692189
E3,PFNA,Branched,140,0.5,0.08438920657485051,0.12887500642663946
E3,PFNA,Branched,140,0.6,0.09912997884619897,0.152958851808806
E3,PFNA,Branched,140,0.6666666666666666,0.10522243421474767,0.1627677948057274
E3,PFNA,Branched,140,0.7,0.10542262417375431,0.16284687249790322
E3,PFNA,Branched,140,0.8,0.104503747599002,0.16035157946820602
E3,PFNA,Branched,140,0.9,0.1026194175487297,0.1551900043450669
E3,PFNA,Linear,140,0.2,0.0,0.0
E3,PFNA,Linear,140,0.3,0.12781073329535048,0.19523699369274297
E3,PFNA,Linear,140,0.4,0.2676267483845934,0.4246636227562598
E3,PFNA,Linear,140,0.5,0.18714631848623295,0.28922159895709076
E3,PFNA,Linear,140,0.6,0.21833494991470553,0.3391266514954666
E3,PFNA,Linear,140,0.6666666666666666,0.2313127257179716,0.3597126340603827
E3,PFNA,Linear,140,0.7,0.23169175944597878,0.3599079047438319
E3,PFNA,Linear,140,0.8,0.22957546627190267,0.354814040895311
E3,PFNA,Linear,140,0.9,0.22585977504457005,0.3455945138798934
E3,PFNS,Branched,140,0.2,0.0,0.0
E3,PFNS,Branched,140,0.3,108.25686953551524,171.77937064474014
E3,PFNS,Branched,140,0.4,118.93160141689773,177.7600206053237
E3,PFNS,Branched,140,0.5,127.47973481670823,194.78377830850766
E3,PFNS,Branched,140,0.6,148.01189064625027,229.0495896666494
E3,PFNS,Branched,140,0.6666666666666666,159.9608184001721,248.66899963899607
E3,PFNS,Branched,140,0.7,161.94939171953828,251.85625056796613
E3,PFNS,Branched,140,0.8,162.52874376801924,252.23253964130652
E3,PFNS,Branched,140,0.9,160.8430525752205,248.00536782872868
E3,PFNS,Linear,140,0.2,0.0,0.0
E3,PFNS,Linear,140,0.3,52.44441839797715,75.81005404219962
E3,PFNS,Linear,140,0.4,56.80797282488065,84.87301192029716
E3,PFNS,Linear,140,0.5,61.14946940407659,93.4695824858528
E3,PFNS,Linear,140,0.6,71.25258701914078,110.31725895394767
E3,PFNS,Linear,140,0.6666666666666666,77.10403795321163,119.82707603657911
E3,PFNS,Linear,140,0.7,78.1143297882924,121.46248205938697
E3,PFNS,Linear,140,0.8,78.11709756724564,121.13698472427285
E3,PFNS,Linear,140,0.9,77.25014918627986,118.98918345375782
E3,PFOA,Branched,140,0.2,0.0,0.0
E3,PFOA,Branched,140,0.3,3.899255535823845,6.046381289557498
E3,PFOA,Branched,140,0.4,4.748847720968501,7.353003869232134
E3,PFOA,Branched,140,0.5,5.010922420657868,7.789525723256962
E3,PFOA,Branched,140,0.6,5.778294127640993,9.066466687515447
E3,PFOA,Branched,140,0.6666666666666666,6.126650743878206,9.611528026609871
E3,PFOA,Branched,140,0.7,6.157692032808465,9.658613414040326
E3,PFOA,Branched,140,0.8,6.132491538250262,9.60177282167165
E3,PFOA,Branched,140,0.9,6.080256835658554,9.496248231344547
E3,PFOA,Linear,140,0.2,0.0,0.0
E3,PFOA,Linear,140,0.3,19.07883351677022,29.493367367260586
E3,PFOA,Linear,140,0.4,23.391516994681567,36.130434062995185
E3,PFOA,Linear,140,0.5,25.30581263121198,39.30486835714063
E3,PFOA,Linear,140,0.6,28.994779986991873,45.3142575661998
E3,PFOA,Linear,140,0.6666666666666666,31.034134224742164,48.61087877665762
E3,PFOA,Linear,140,0.7,31.251559026460985,48.96058486192783
E3,PFOA,Linear,140,0.8,31.03202931381109,48.476993924714975
E3,PFOA,Linear,140,0.9,30.717943284941725,47.80817477503426
E3,PFOS,Branched,140,0.2,0.0,0.0
E3,PFOS,Branched,140,0.3,5.311717862622705,8.337515094254528
E3,PFOS,Branched,140,0.4,6.37196889612102,9.694838287811532
E3,PFOS,Branched,140,0.5,6.892486454875392,10.434581997794297
E3,PFOS,Branched,140,0.6,8.28749707746149,12.743973083617016
E3,PFOS,Branched,140,0.6666666666666666,8.629919380245605,13.250117126321319
E3,PFOS,Branched,140,0.7,8.60631419391366,13.160917807827198
E3,PFOS,Branched,140,0.8,8.546927609375421,12.928716110267375
E3,PFOS,Branched,140,0.9,8.417455675788444,12.402819880769403
E3,PFOS,Linear,140,0.2,0.0,0.0
E3,PFOS,Linear,140,0.3,61.75874393664078,97.92990460652763
E3,PFOS,Linear,140,0.4,47.27367603400252,72.94623562075245
E3,PFOS,Linear,140,0.5,55.10609594886128,85.1936210990273
E3,PFOS,Linear,140,0.6,65.7548969126164,102.65634272067071
E3,PFOS,Linear,140,0.6666666666666666,69.74087353453675,108.91239560416842
E3,PFOS,Linear,140,0.7,70.33958151522258,109.87485868604975
E3,PFOS,Linear,140,0.8,69.95532499100604,108.94289894710398
E3,PFOS,Linear,140,0.9,68.95329626516111,106.66377203509197
E3,PFPeA,Linear,140,0.2,0.0,0.0
E3,PFPeA,Linear,140,0.3,20.595395063211033,32.31598899609268
E3,PFPeA,Linear,140,0.4,24.76222871801051,37.83367469578341
E3,PFPeA,Linear,140,0.5,26.917411131999245,41.270703184281125
E3,PFPeA,Linear,140,0.6,31.351136062126873,48.32278657761053
E3,PFPeA,Linear,140,0.6666666666666666,33.16747776653123,51.24678749298874
E3,PFPeA,Linear,140,0.7,33.22177213659886,51.25248081430934
E3,PFPeA,Linear,140,0.8,32.884362950547334,50.289045128369786
E3,PFPeA,Linear,140,0.9,32.42356442834472,48.87985291364166
E3,PFPeS,Linear,140,0.2,0.0,0.0
E3,PFPeS,Linear,140,0.3,0.43942000813710347,0.7139393622836786
E3,PFPeS,Linear,140,0.4,0.05305366667374828,0.08123490877200112
E3,PFPeS,Linear,140,0.5,0.059469017383413876,0.09265537028551761
E3,PFPeS,Linear,140,0.6,0.06993511677355027,0.11057321804835923
E3,PFPeS,Linear,140,0.6666666666666666,0.07079884727010342,0.11163100560157327
E3,PFPeS,Linear,140,0.7,0.07057195210254,0.11096736126662214
E3,PFPeS,Linear,140,0.8,0.0700859607771334,0.10945958329237306
E3,PFPeS,Linear,140,0.9,0.06924795600914903,0.10662362801968436
E3,PFSAs,Branched,140,0.2,0.0,0.0
E3,PFSAs,Branched,140,0.3,230.35763315687078,327.4208194640864
E3,PFSAs,Branched,140,0.4,273.4127960824052,403.0105612506746
E3,PFSAs,Branched,140,0.5,297.08576932199634,447.7091052801909
E3,PFSAs,Branched,140,0.6,345.81224518235376,530.5648611631551
E3,PFSAs,Branched,140,0.6666666666666666,361.4545736845122,553.6334271215096
E3,PFSAs,Branched,140,0.7,361.56913445497133,551.9050002554927
E3,PFSAs,Branched,140,0.8,361.860551315168,547.7482723322444
E3,PFSAs,Branched,140,0.9,357.8889206691018,532.1424615607975
E3,PFSAs,Linear,140,0.2,0.0,0.0
E3,PFSAs,Linear,140,0.3,168.14277928810813,266.80487740404345
E3,PFSAs,Linear,140,0.4,186.27342331564572,282.92837079708164
E3,PFSAs,Linear,140,0.5,201.06775527569044,306.97063655830345
E3,PFSAs,Linear,140,0.6,238.90569872695866,368.3427248102487
E3,PFSAs,Linear,140,0.6666666666666666,250.61095531080608,385.87569969972725
E3,PFSAs,Linear,140,0.7,250.52403116989555,384.66303790437803
E3,PFSAs,Linear,140,0.8,248.6781306536386,378.18404303712265
E3,PFSAs,Linear,140,0.9,245.47527789081678,367.4090696189735
E3,PFTeDA,Branched,140,0.2,0.0,0.0
E3,PFTeDA,Branched,140,0.3,0.40709938314770744,0.6261380866361014
E3,PFTeDA,Branched,140,0.4,0.5322584252077647,0.7774277738888401
E3,PFTeDA,Branched,140,0.5,0.5702236048940315,0.8095564567608249
E3,PFTeDA,Branched,140,0.6,0.6783914275853016,1.0002814571495184
E3,PFTeDA,Branched,140,0.6666666666666666,0.725813715731285,1.071609251180744
E3,PFTeDA,Branched,140,0.7,0.7329981642393012,1.0779947761161477
E3,PFTeDA,Branched,140,0.8,0.7469624248542097,1.0795939284687892
E3,PFTeDA,Branched,140,0.9,0.7500045771828252,1.0580631835143486
E3,PFTeDA,Linear,140,0.2,0.0,0.0
E3,PFTeDA,Linear,140,0.3,0.06205998090644247,0.0944040856691508
E3,PFTeDA,Linear,140,0.4,0.09373629253229167,0.13881112249359157
E3,PFTeDA,Linear,140,0.5,0.09580183977969102,0.13599923736336994
E3,PFTeDA,Linear,140,0.6,0.10639247361857422,0.15550593572697305
E3,PFTeDA,Linear,140,0.6666666666666666,0.11144295271876281,0.16179389591780333
E3,PFTeDA,Linear,140,0.7,0.11310035353842174,0.16385434894170922
E3,PFTeDA,Linear,140,0.8,0.1156252117453195,0.16539063539996884
E3,PFTeDA,Linear,140,0.9,0.11621681553085833,0.16382466044021796
E3,PFTrDA,Branched,140,0.2,0.0,0.0
E3,PFTrDA,Branched,140,0.3,0.2391920804527313,0.3669651611200224
E3,PFTrDA,Branched,140,0.4,0.3119638825484643,0.4542508074122969
E3,PFTrDA,Branched,140,0.5,0.33865350418658635,0.48079328341359395
E3,PFTrDA,Branched,140,0.6,0.400133287356769,0.5872538842595363
E3,PFTrDA,Branched,140,0.6666666666666666,0.4310120618593999,0.6354421635915
E3,PFTrDA,Branched,140,0.7,0.4355271914419763,0.6396998507628722
E3,PFTrDA,Branched,140,0.8,0.44481901535537416,0.6429579876295659
E3,PFTrDA,Branched,140,0.9,0.44675534350197443,0.6313063674734443
E3,PFTrDA,Linear,140,0.2,0.0,0.0
E3,PFTrDA,Linear,140,0.3,0.09812824584318398,0.15045404296990528
E3,PFTrDA,Linear,140,0.4,0.15937162392821652,0.234434856186074
E3,PFTrDA,Linear,140,0.5,0.1636531269274052,0.23761899703740494
E3,PFTrDA,Linear,140,0.6,0.17530961077336946,0.25749073162191755
E3,PFTrDA,Linear,140,0.6666666666666666,0.18158067771043235,0.2655817807702151
E3,PFTrDA,Linear,140,0.7,0.18310396245177193,0.26725323062240436
E3,PFTrDA,Linear,140,0.8,0.18541195444018294,0.2684290112281687
E3,PFTrDA,Linear,140,0.9,0.1858495102605947,0.26557653439986484
E3,PFTrDS,Branched,140,0.2,0.0,0.0
E3,PFTrDS,Branched,140,0.3,22.90640496641717,33.40992105609209
E3,PFTrDS,Branched,140,0.4,26.375246590508123,38.23270615904962
E3,PFTrDS,Branched,140,0.5,27.642021006998515,39.355715306571334
E3,PFTrDS,Branched,140,0.6,30.757819409589732,44.82418454449328
E3,PFTrDS,Branched,140,0.6666666666666666,32.522162425718825,47.40047729400211
E3,PFTrDS,Branched,140,0.7,32.93007394628006,47.88537718088394
E3,PFTrDS,Branched,140,0.8,33.632177833384475,48.43626121212791
E3,PFTrDS,Branched,140,0.9,33.84298822019666,47.898567254109054
E3,PFTrDS,Linear,140,0.2,0.0,0.0
E3,PFTrDS,Linear,140,0.3,1.4951004530825713,2.226049129869402
E3,PFTrDS,Linear,140,0.4,2.02382007460177,2.9876511316196965
E3,PFTrDS,Linear,140,0.5,2.086335990378232,3.0562201204638804
E3,PFTrDS,Linear,140,0.6,2.210098513672223,3.255922563665053
E3,PFTrDS,Linear,140,0.6666666666666666,2.2806065365647537,3.351869168706274
E3,PFTrDS,Linear,140,0.7,2.2993234841427763,3.375325276857555
E3,PFTrDS,Linear,140,0.8,2.3191384495177165,3.385314836636432
E3,PFTrDS,Linear,140,0.9,2.317262563358632,3.3559901100961897
E3,PFUnDA,Branched,140,0.2,0.0,0.0
E3,PFUnDA,Branched,140,0.3,0.09585731743430034,0.15132838544548544
E3,PFUnDA,Branched,140,0.4,0.1899072008666784,0.2815065545816653
E3,PFUnDA,Branched,140,0.5,0.20378118705735504,0.30885258703380375
E3,PFUnDA,Branched,140,0.6,0.2348047407805563,0.3622712018069226
E3,PFUnDA,Branched,140,0.6666666666666666,0.24957380118334463,0.3860042950508772
E3,PFUnDA,Branched,140,0.7,0.25321110877101866,0.39183906920629596
E3,PFUnDA,Branched,140,0.8,0.2553150762225224,0.3944000227487168
E3,PFUnDA,Branched,140,0.9,0.25390241177977824,0.39033622398572654
E3,PFUnDA,Linear,140,0.2,0.0,0.0
E3,PFUnDA,Linear,140,0.3,0.15528074855066815,0.22116549430846316
E3,PFUnDA,Linear,140,0.4,0.19253222766417316,0.2782403819526219
E3,PFUnDA,Linear,140,0.5,0.21420208428431903,0.3241022364776171
E3,PFUnDA,Linear,140,0.6,0.2536464741212686,0.3893564596363907
E3,PFUnDA,Linear,140,0.6666666666666666,0.26327243120106747,0.4029708048049506
E3,PFUnDA,Linear,140,0.7,0.2639979022024298,0.4031168854267157
E3,PFUnDA,Linear,140,0.8,0.2618949845643097,0.39415204130157827
E3,PFUnDA,Linear,140,0.9,0.25951720768473785,0.3827579037520619
E3,PFUnDS,Branched,140,0.2,0.0,0.0
E3,PFUnDS,Branched,140,0.3,35.65863356101599,51.773850321445764
E3,PFUnDS,Branched,140,0.4,39.54023158823748,56.30861507847273
E3,PFUnDS,Branched,140,0.5,42.975627903520305,61.3881561901652
E3,PFUnDS,Branched,140,0.6,50.245502770126755,73.92579338590055
E3,PFUnDS,Branched,140,0.6666666666666666,53.42324970768638,78.97563308291586
E3,PFUnDS,Branched,140,0.7,53.94434017350119,79.58882783442503
E3,PFUnDS,Branched,140,0.8,54.82117754786516,79.85046007233221
E3,PFUnDS,Branched,140,0.9,55.202904749662885,78.4241501245353
E3,PFUnDS,Linear,140,0.2,0.0,0.0
E3,PFUnDS,Linear,140,0.3,6.280041980331151,9.127254204802549
E3,PFUnDS,Linear,140,0.4,7.14852098570702,10.337138364373565
E3,PFUnDS,Linear,140,0.5,7.544086334925914,10.734677963109068
E3,PFUnDS,Linear,140,0.6,8.45131909601649,12.332029244301435
E3,PFUnDS,Linear,140,0.6666666666666666,8.928343803103097,13.020690279196373
E3,PFUnDS,Linear,140,0.7,9.043159325359523,13.167643407737188
E3,PFUnDS,Linear,140,0.8,9.244346352784495,13.317015414187248
E3,PFUnDS,Linear,140,0.9,9.304668292216146,13.169992272677723
E4,PFBA,Linear,140,0.2,0.0,0.0
E4,PFBA,Linear,140,0.3,91.90695070416704,145.0336829715345
E4,PFBA,Linear,140,0.4,99.64924403673335,150.26753585308217
E4,PFBA,Linear,140,0.5,112.99086733245548,172.45555995921114
E4,PFBA,Linear,140,0.6,129.84531029276997,198.88096348336333
E4,PFBA,Linear,140,0.6666666666666666,133.67975417043064,204.35892949430323
E4,PFBA,Linear,140,0.7,134.01969049067293,204.5675149630958
E4,PFBA,Linear,140,0.8,133.239105783514,201.74269517983578
E4,PFBA,Linear,140,0.9,131.81438333737765,196.58972506437706
E4,PFBS,Linear,140,0.2,0.0,0.0
E4,PFBS,Linear,140,0.3,0.2873386249018912,0.45363532994024813
E4,PFBS,Linear,140,0.4,0.3098258183856298,0.473202416368904
E4,PFBS,Linear,140,0.5,0.34488275486837605,0.5268655209603094
E4,PFBS,Linear,140,0.6,0.40199008729016344,0.6163011872120304
E4,PFBS,Linear,140,0.6666666666666666,0.4117740661400111,0.6294734366676297
E4,PFBS,Linear,140,0.7,0.4118403430717211,0.628765595387531
E4,PFBS,Linear,140,0.8,0.4094597657897779,0.621808290128611
E4,PFBS,Linear,140,0.9,0.4036759525642546,0.6033533042441988
E4,PFCAs,Branched,140,0.2,0.0,0.0
E4,PFCAs,Branched,140,0.3,6.298308216613327,9.955854438714562
E4,PFCAs,Branched,140,0.4,6.305961928434377,9.713319406831369
E4,PFCAs,Branched,140,0.5,6.894632878557408,10.66524760151117
E4,PFCAs,Branched,140,0.6,7.936382447790496,12.333465880976876
E4,PFCAs,Branched,140,0.6666666666666666,8.272104029944838,12.854457507044819
E4,PFCAs,Branched,140,0.7,8.291412182881238,12.87258337477942
E4,PFCAs,Branched,140,0.8,8.237069616698834,12.742231626991776
E4,PFCAs,Branched,140,0.9,8.14991385914206,12.552723186901277
E4,PFCAs,Linear,140,0.2,0.0,0.0
E4,PFCAs,Linear,140,0.3,268.44750317945454,425.9629947968736
E4,PFCAs,Linear,140,0.4,154.55165312782793,235.3291098089276
E4,PFCAs,Linear,140,0.5,170.44656138968105,261.5749136427454
E4,PFCAs,Linear,140,0.6,198.5556742198974,305.84473019268603
E4,PFCAs,Linear,140,0.6666666666666666,204.59618622719813,314.6655677475805
E4,PFCAs,Linear,140,0.7,205.0653580365009,314.96833869130427
E4,PFCAs,Linear,140,0.8,203.4865395225482,310.5755788883912
E4,PFCAs,Linear,140,0.9,200.86977562714625,303.1477043678338
E4,PFDA,Branched,140,0.2,0.0,0.0
E4,PFDA,Branched,140,0.3,0.050263051924588846,0.07936817746490843
E4,PFDA,Branched,140,0.4,0.05400919299704917,0.08293311939725347
E4,PFDA,Branched,140,0.5,0.060662478717203414,0.09235164824812357
E4,PFDA,Branched,140,0.6,0.07121280990590867,0.10901558655544767
E4,PFDA,Branched,140,0.6666666666666666,0.07282916284142485,0.11124239392221688
E4,PFDA,Branched,140,0.7,0.07294557375140197,0.11129064259628259
E4,PFDA,Branched,140,0.8,0.07243255956436112,0.10989197189458776
E4,PFDA,Branched,140,0.9,0.07151228536754539,0.10664219644870027
E4,PFDA,Linear,140,0.2,0.0,0.0
E4,PFDA,Linear,140,0.3,0.45028315836371374,0.651666050857378
E4,PFDA,Linear,140,0.4,0.47326005808866517,0.7151117637776353
E4,PFDA,Linear,140,0.5,0.5187448367518143,0.8050914341966439
E4,PFDA,Linear,140,0.6,0.5887600263494347,0.9165190325600969
E4,PFDA,Linear,140,0.6666666666666666,0.633211956669253,0.9869506223108051
E4,PFDA,Linear,140,0.7,0.635678520879811,0.99005110111814
E4,PFDA,Linear,140,0.8,0.6381478584784781,0.9933035974175526
E4,PFDA,Linear,140,0.9,0.6338171378812667,0.9839961136394401
E4,PFDS,Branched,140,0.2,0.0,0.0
E4,PFDS,Branched,140,0.3,61.58341936494536,97.71787346891946
E4,PFDS,Branched,140,0.4,63.53893922304819,95.48862614328114
E4,PFDS,Branched,140,0.5,71.52586828303915,109.26922009695622
E4,PFDS,Branched,140,0.6,81.43545714935541,125.11991047247588
E4,PFDS,Branched,140,0.6666666666666666,84.48478701533213,129.67037917138796
E4,PFDS,Branched,140,0.7,84.73921244438507,129.80722184661505
E4,PFDS,Branched,140,0.8,84.29626006539334,128.21016654562604
E4,PFDS,Branched,140,0.9,83.4744130765897,125.54068746324577
E4,PFDS,Linear,140,0.2,0.0,0.0
E4,PFDS,Linear,140,0.3,64.38812007564775,102.1691315917565
E4,PFDS,Linear,140,0.4,68.60209131895806,103.79696908596794
E4,PFDS,Linear,140,0.5,75.66710097020257,114.30966177814106
E4,PFDS,Linear,140,0.6,87.77650869560948,133.53902369850354
E4,PFDS,Linear,140,0.6666666666666666,89.78859056708426,136.08483797315765
E4,PFDS,Linear,140,0.7,89.97980275017444,136.23349778546913
E4,PFDS,Linear,140,0.8,89.35725748659418,133.68911584864307
E4,PFDS,Linear,140,0.9,88.97226579840546,130.10515125066496
E4,PFDoDA,Branched,140,0.2,0.0,0.0
E4,PFDoDA,Branched,140,0.3,1.1531027698329552,1.829715462311876
E4,PFDoDA,Branched,140,0.4,0.5230157846142173,0.783629045322923
E4,PFDoDA,Branched,140,0.5,0.5647567740511742,0.8470521562221136
E4,PFDoDA,Branched,140,0.6,0.6615455879698827,1.001789532318831
E4,PFDoDA,Branched,140,0.6666666666666666,0.6746468766064314,1.0184220396772397
E4,PFDoDA,Branched,140,0.7,0.6748892945416706,1.0154065220291273
E4,PFDoDA,Branched,140,0.8,0.6716637240010426,0.9955974016718282
E4,PFDoDA,Branched,140,0.9,0.6708062609729093,0.9738969397618917
E4,PFDoDA,Linear,140,0.2,0.0,0.0
E4,PFDoDA,Linear,140,0.3,0.2298100643062424,0.3646570268529629
E4,PFDoDA,Linear,140,0.4,0.26282122460198853,0.39581362318365826
E4,PFDoDA,Linear,140,0.5,0.2829303944344613,0.4201757060787129
E4,PFDoDA,Linear,140,0.6,0.319628955682573,0.4791759049675149
E4,PFDoDA,Linear,140,0.6666666666666666,0.33003484531189287,0.4937581615968786
E4,PFDoDA,Linear,140,0.7,0.330674074655874,0.49288515020764356
E4,PFDoDA,Linear,140,0.8,0.3313011441137226,0.48711781027594403
E4,PFDoDA,Linear,140,0.9,0.3321366717299486,0.4793750632815684
E4,PFDoDS,Branched,140,0.2,0.0,0.0
E4,PFDoDS,Branched,140,0.3,55.048562336446984,87.34972139528165
E4,PFDoDS,Branched,140,0.4,24.395414880890062,36.22947568184649
E4,PFDoDS,Branched,140,0.5,25.9041077905621,38.344670423337135
E4,PFDoDS,Branched,140,0.6,29.14683374611987,43.60599749786848
E4,PFDoDS,Branched,140,0.6666666666666666,30.19769178808717,45.14743132757503
E4,PFDoDS,Branched,140,0.7,30.294070404823877,45.17811229852471
E4,PFDoDS,Branched,140,0.8,30.355177439489207,44.75395293562128
E4,PFDoDS,Branched,140,0.9,30.405632650796193,44.040522210346374
E4,PFDoDS,Linear,140,0.2,0.0,0.0
E4,PFDoDS,Linear,140,0.3,5.686629283977295,8.387453730424282
E4,PFDoDS,Linear,140,0.4,7.228994340708373,10.742137130450498
E4,PFDoDS,Linear,140,0.5,7.595435201379554,11.249787590409587
E4,PFDoDS,Linear,140,0.6,8.253781041098714,12.311115196008762
E4,PFDoDS,Linear,140,0.6666666666666666,8.485883306608171,12.624590638997413
E4,PFDoDS,Linear,140,0.7,8.53230801505193,12.677834384714636
E4,PFDoDS,Linear,140,0.8,8.528163741184494,12.597709767236577
E4,PFDoDS,Linear,140,0.9,8.498049737473975,12.420626427350376
E4,PFHpA,Branched,140,0.2,0.0,0.0
E4,PFHpA,Branched,140,0.3,0.2697983834783418,0.4280287810903222
E4,PFHpA,Branched,140,0.4,0.21712469665193293,0.3384538748541221
E4,PFHpA,Branched,140,0.5,0.2366845541847669,0.3684397241484236
E4,PFHpA,Branched,140,0.6,0.2735522800351764,0.42673923102145894
E4,PFHpA,Branched,140,0.6666666666666666,0.2898410601575763,0.4521459411973224
E4,PFHpA,Branched,140,0.7,0.29060874256431113,0.4529951849602266
E4,PFHpA,Branched,140,0.8,0.29021410935889247,0.45200440748952175
E4,PFHpA,Branched,140,0.9,0.28734164979827825,0.44604507353628364
E4,PFHpA,Linear,140,0.2,0.0,0.0
E4,PFHpA,Linear,140,0.3,1.2175501479117459,1.9240736345294276
E4,PFHpA,Linear,140,0.4,1.2420821060933227,1.9128725504865134
E4,PFHpA,Linear,140,0.5,1.3593067540127892,2.100671031407659
E4,PFHpA,Linear,140,0.6,1.5698554295418625,2.4346604847951077
E4,PFHpA,Linear,140,0.6666666666666666,1.6311136688248777,2.5287073542392347
E4,PFHpA,Linear,140,0.7,1.6344139905998025,2.530858434791684
E4,PFHpA,Linear,140,0.8,1.622195318044212,2.501598437112494
E4,PFHpA,Linear,140,0.9,1.604113525775348,2.461270839515399
E4,PFHpS,Branched,140,0.2,0.0,
E4,PFHpS,Branched,140,0.3,0.0,
E4,PFHpS,Branched,140,0.4,0.0,
E4,PFHpS,Branched,140,0.5,0.0,
E4,PFHpS,Branched,140,0.6,0.0,
E4,PFHpS,Branched,140,0.6666666666666666,0.0,
E4,PFHpS,Branched,140,0.7,0.0,
E4,PFHpS,Branched,140,0.8,0.0,
E4,PFHpS,Branched,140,0.9,0.0,
E4,PFHpS,Linear,140,0.2,0.0,0.0
E4,PFHpS,Linear,140,0.3,0.15660773316516627,0.24847216893662197
E4,PFHpS,Linear,140,0.4,0.15868919052754576,0.23969804432859632
E4,PFHpS,Linear,140,0.5,0.17518804689340536,0.2684534096835207
E4,PFHpS,Linear,140,0.6,0.20317591698316573,0.31229507661584993
E4,PFHpS,Linear,140,0.6666666666666666,0.2097328267844451,0.322069641042853
E4,PFHpS,Linear,140,0.7,0.21007635413519812,0.32212676470665336
E4,PFHpS,Linear,140,0.8,0.2083760803727772,0.317207133948254
E4,PFHpS,Linear,140,0.9,0.20587529693781664,0.30982550602958686
E4,PFHxA,Branched,140,0.2,0.0,
E4,PFHxA,Branched,140,0.3,0.0,
E4,PFHxA,Branched,140,0.4,0.0,
E4,PFHxA,Branched,140,0.5,0.0,
E4,PFHxA,Branched,140,0.6,0.0,
E4,PFHxA,Branched,140,0.6666666666666666,0.0,
E4,PFHxA,Branched,140,0.7,0.0,
E4,PFHxA,Branched,140,0.8,0.0,
E4,PFHxA,Branched,140,0.9,0.0,
E4,PFHxA,Linear,140,0.2,0.0,0.0
E4,PFHxA,Linear,140,0.3,6.023288517012587,9.554865253182175
E4,PFHxA,Linear,140,0.4,4.952223043286495,7.59842392311407
E4,PFHxA,Linear,140,0.5,5.401450479432152,8.361005512169799
E4,PFHxA,Linear,140,0.6,6.303701468594802,9.814920411074521
E4,PFHxA,Linear,140,0.6666666666666666,6.6006490448385495,10.267291026838906
E4,PFHxA,Linear,140,0.7,6.622278958394437,10.295788743821028
E4,PFHxA,Linear,140,0.8,6.58919144525025,10.22051202552243
E4,PFHxA,Linear,140,0.9,6.515630054738704,10.059743870146447
E4,PFHxS,Branched,140,0.2,0.0,0.0
E4,PFHxS,Branched,140,0.3,0.10762970416817988,0.1698821480385394
E4,PFHxS,Branched,140,0.4,0.1133578483454254,0.1749239602750268
E4,PFHxS,Branched,140,0.5,0.12693706838747437,0.1952713660891784
E4,PFHxS,Branched,140,0.6,0.14778831120859443,0.2277814687528956
E4,PFHxS,Branched,140,0.6666666666666666,0.15238891441837224,0.23451564995902993
E4,PFHxS,Branched,140,0.7,0.15274583890318183,0.23479285614991868
E4,PFHxS,Branched,140,0.8,0.15164213557589779,0.23171721678984186
E4,PFHxS,Branched,140,0.9,0.14962674687436897,0.2261935631637248
E4,PFHxS,Linear,140,0.2,0.0,0.0
E4,PFHxS,Linear,140,0.3,0.5304616534474118,0.8414444796004615
E4,PFHxS,Linear,140,0.4,0.45303596081834235,0.6947228744993379
E4,PFHxS,Linear,140,0.5,0.49073853061257694,0.7578913713309189
E4,PFHxS,Linear,140,0.6,0.5732181987226544,0.8899281624011897
E4,PFHxS,Linear,140,0.6666666666666666,0.5938448382100213,0.9208523962932683
E4,PFHxS,Linear,140,0.7,0.5952052830139599,0.9221644974312009
E4,PFHxS,Linear,140,0.8,0.5907963670134833,0.9115522061438305
E4,PFHxS,Linear,140,0.9,0.5841971142882705,0.8967250084590398
E4,PFNA,Branched,140,0.2,0.0,0.0
E4,PFNA,Branched,140,0.3,0.07052345934127016,0.1118991030865811
E4,PFNA,Branched,140,0.4,0.07922647299794537,0.12192657481269982
E4,PFNA,Branched,140,0.5,0.08798789976000812,0.13553515336938
E4,PFNA,Branched,140,0.6,0.10098246813983248,0.15580958059769032
E4,PFNA,Branched,140,0.6666666666666666,0.10399858047543721,0.16034488034459474
E4,PFNA,Branched,140,0.7,0.10424738440869606,0.16060314832038639
E4,PFNA,Branched,140,0.8,0.10355531788826206,0.15885095134533878
E4,PFNA,Branched,140,0.9,0.10227262085682483,0.15562843827335907
E4,PFNA,Linear,140,0.2,0.0,0.0
E4,PFNA,Linear,140,0.3,0.19771291758527557,0.31365047308261895
E4,PFNA,Linear,140,0.4,0.17057024502978677,0.2609458266926634
E4,PFNA,Linear,140,0.5,0.18514616101457013,0.28568700647669
E4,PFNA,Linear,140,0.6,0.21636493836912002,0.33528856567967175
E4,PFNA,Linear,140,0.6666666666666666,0.22512786669544163,0.34865233382050215
E4,PFNA,Linear,140,0.7,0.2256408151433449,0.34922105850395074
E4,PFNA,Linear,140,0.8,0.22387834461005265,0.34486805500653095
E4,PFNA,Linear,140,0.9,0.22122417317490553,0.3387161146570332
E4,PFNS,Branched,140,0.2,0.0,0.0
E4,PFNS,Branched,140,0.3,111.10685487109976,164.59496043579296
E4,PFNS,Branched,140,0.4,117.0884777293531,176.8382128550808
E4,PFNS,Branched,140,0.5,127.78059023296717,196.30577417573966
E4,PFNS,Branched,140,0.6,147.33245767887487,228.3523432690465
E4,PFNS,Branched,140,0.6666666666666666,155.69169649655205,241.3407597562187
E4,PFNS,Branched,140,0.7,155.9683729119315,241.28904462053384
E4,PFNS,Branched,140,0.8,155.89035558096603,240.29600112597038
E4,PFNS,Branched,140,0.9,155.10333735973666,238.55597518376
E4,PFNS,Linear,140,0.2,0.0,0.0
E4,PFNS,Linear,140,0.3,53.04554117295985,77.05966025679703
E4,PFNS,Linear,140,0.4,55.630875172736275,84.10912924176311
E4,PFNS,Linear,140,0.5,62.024102065327554,95.2952777380615
E4,PFNS,Linear,140,0.6,71.32844856516986,110.57443671692067
E4,PFNS,Linear,140,0.6666666666666666,75.00254994025298,116.19070492286968
E4,PFNS,Linear,140,0.7,75.15578669644819,116.22348001889252
E4,PFNS,Linear,140,0.8,75.15466198155431,115.87650133003247
E4,PFNS,Linear,140,0.9,74.61080510988477,114.64915162950825
E4,PFOA,Branched,140,0.2,0.0,0.0
E4,PFOA,Branched,140,0.3,4.707984618760659,7.445688175102225
E4,PFOA,Branched,140,0.4,4.780127510839259,7.536176673395888
E4,PFOA,Branched,140,0.5,4.979472704676509,7.757460860178737
E4,PFOA,Branched,140,0.6,5.522445571427955,8.631152161338436
E4,PFOA,Branched,140,0.6666666666666666,5.967641409788206,9.35602137004847
E4,PFOA,Branched,140,0.7,5.996798314656751,9.401609712828066
E4,PFOA,Branched,140,0.8,5.954758428969735,9.313324763192437
E4,PFOA,Branched,140,0.9,5.901367398771153,9.205851222648153
E4,PFOA,Linear,140,0.2,0.0,0.0
E4,PFOA,Linear,140,0.3,28.513682210340612,45.236542350024614
E4,PFOA,Linear,140,0.4,23.420205358910575,36.16103489960122
E4,PFOA,Linear,140,0.5,24.97596103759006,38.86388243054756
E4,PFOA,Linear,140,0.6,28.481815261681106,44.49785985011009
E4,PFOA,Linear,140,0.6666666666666666,30.131494907778027,47.090833035364355
E4,PFOA,Linear,140,0.7,30.269187338658206,47.30002743336311
E4,PFOA,Linear,140,0.8,30.117915841463724,46.96241817352276
E4,PFOA,Linear,140,0.9,29.84147256905129,46.39223918259219
E4,PFOS,Branched,140,0.2,0.0,0.0
E4,PFOS,Branched,140,0.3,5.957787691126488,9.404764295925734
E4,PFOS,Branched,140,0.4,6.432916843354376,9.765503908639616
E4,PFOS,Branched,140,0.5,7.2781298797111305,11.154913145763292
E4,PFOS,Branched,140,0.6,8.380982793519763,12.860166624418735
E4,PFOS,Branched,140,0.6666666666666666,8.599999865800243,13.164100975598958
E4,PFOS,Branched,140,0.7,8.607495931367206,13.160812520384043
E4,PFOS,Branched,140,0.8,8.54834406825431,12.978625485438664
E4,PFOS,Branched,140,0.9,8.441290027332798,12.629701290626546
E4,PFOS,Linear,140,0.2,0.0,0.0
E4,PFOS,Linear,140,0.3,61.28300872140793,97.22209136522727
E4,PFOS,Linear,140,0.4,50.14017830834443,76.6562965970737
E4,PFOS,Linear,140,0.5,55.106822152102836,85.63875055688749
E4,PFOS,Linear,140,0.6,63.76822531242544,99.24717783276883
E4,PFOS,Linear,140,0.6666666666666666,67.25218932070115,104.63858469102836
E4,PFOS,Linear,140,0.7,67.33372903749155,104.61586609508025
E4,PFOS,Linear,140,0.8,67.15918723621473,104.14444665682117
E4,PFOS,Linear,140,0.9,66.50654945317677,102.70662698394013
E4,PFPeA,Linear,140,0.2,0.0,0.0
E4,PFPeA,Linear,140,0.3,27.627154839497873,43.82024694012469
E4,PFPeA,Linear,140,0.4,24.84273171195599,37.938922330886975
E4,PFPeA,Linear,140,0.5,27.01238691744914,41.54614321421055
E4,PFPeA,Linear,140,0.6,31.4675883222117,48.562303595367126
E4,PFPeA,Linear,140,0.6666666666666666,32.61302309332607,50.25686839207187
E4,PFPeA,Linear,140,0.7,32.682864646568795,50.294193101471635
E4,PFPeA,Linear,140,0.8,32.40741395204278,49.555044400078295
E4,PFPeA,Linear,140,0.9,32.006093556458694,48.488568886578825
E4,PFPeS,Linear,140,0.2,0.0,0.0
E4,PFPeS,Linear,140,0.3,0.045866555312561126,0.0748047260713483
E4,PFPeS,Linear,140,0.4,0.06502913209591862,0.1055141892619514
E4,PFPeS,Linear,140,0.5,0.0612779900891065,0.09583332491525523
E4,PFPeS,Linear,140,0.6,0.06841525828195984,0.10686766809389019
E4,PFPeS,Linear,140,0.6666666666666666,0.06945683630894713,0.10842719509761647
E4,PFPeS,Linear,140,0.7,0.06951176429736985,0.10847956144480468
E4,PFPeS,Linear,140,0.8,0.06899279727534077,0.10740883255454046
E4,PFPeS,Linear,140,0.9,0.06857153820578317,0.10606250667779092
E4,PFSAs,Branched,140,0.2,0.0,0.0
E4,PFSAs,Branched,140,0.3,242.75246930039827,353.87699051421305
E4,PFSAs,Branched,140,0.4,267.18027380202483,396.58481997138347
E4,PFSAs,Branched,140,0.5,305.8265493598195,466.6908681533627
E4,PFSAs,Branched,140,0.6,346.8072181369755,531.0695566008741
E4,PFSAs,Branched,140,0.6666666666666666,359.33618291666767,549.7303247340334
E4,PFSAs,Branched,140,0.7,360.18545944462585,549.8893776004676
E4,PFSAs,Branched,140,0.8,358.89868365759224,543.8576594101797
E4,PFSAs,Branched,140,0.9,355.6491892766656,532.1741108735977
E4,PFSAs,Linear,140,0.2,0.0,0.0
E4,PFSAs,Linear,140,0.3,323.07032073250343,512.6401364415701
E4,PFSAs,Linear,140,0.4,183.65421296385279,278.1087003159714
E4,PFSAs,Linear,140,0.5,207.66338991761796,317.54891952233567
E4,PFSAs,Linear,140,0.6,239.38283707647298,368.04159889172956
E4,PFSAs,Linear,140,0.6666666666666666,247.42789543794083,380.15845832964334
E4,PFSAs,Linear,140,0.7,247.85389008307166,380.13755731579295
E4,PFSAs,Linear,140,0.8,246.24358101027101,374.9023100205337
E4,PFSAs,Linear,140,0.9,243.52157424040186,366.41215750216895
E4,PFTeDA,Branched,140,0.2,0.0,0.0
E4,PFTeDA,Branched,140,0.3,1.3164265372280826,2.088873648714623
E4,PFTeDA,Branched,140,0.4,0.5794931608960736,0.866779524820797
E4,PFTeDA,Branched,140,0.5,0.6392457954385444,0.9575267705105752
E4,PFTeDA,Branched,140,0.6,0.7473303135664471,1.1307191760392135
E4,PFTeDA,Branched,140,0.6666666666666666,0.763287115143849,1.1514890242980242
E4,PFTeDA,Branched,140,0.7,0.7632070657989147,1.147428498113797
E4,PFTeDA,Branched,140,0.8,0.7597059482731121,1.125768099493516
E4,PFTeDA,Branched,140,0.9,0.7596728859094457,1.1010207462011128
E4,PFTeDA,Linear,140,0.2,0.0,0.0
E4,PFTeDA,Linear,140,0.3,0.06824171958712758,0.10637741849399622
E4,PFTeDA,Linear,140,0.4,0.09715901538360719,0.14721120298970716
E4,PFTeDA,Linear,140,0.5,0.10349654846995372,0.15362424633360883
E4,PFTeDA,Linear,140,0.6,0.11510252988130901,0.1723764634857927
E4,PFTeDA,Linear,140,0.6666666666666666,0.11857510645569817,0.1771210791294062
E4,PFTeDA,Linear,140,0.7,0.1186862619700658,0.1768709466345928
E4,PFTeDA,Linear,140,0.8,0.11839548944291496,0.17430007264327352
E4,PFTeDA,Linear,140,0.9,0.11821442366770869,0.171096483681201
E4,PFTrDA,Branched,140,0.2,0.0,0.0
E4,PFTrDA,Branched,140,0.3,0.7781254122963049,1.234710500871145
E4,PFTrDA,Branched,140,0.4,0.34783260730183835,0.5199622497661445
E4,PFTrDA,Branched,140,0.5,0.3794273077620296,0.5665339212673108
E4,PFTrDA,Branched,140,0.6,0.4418111038448091,0.6677158704257168
E4,PFTrDA,Branched,140,0.6666666666666666,0.45285455051666756,0.6820585508078564
E4,PFTrDA,Branched,140,0.7,0.4527608262565387,0.67896825418668
E4,PFTrDA,Branched,140,0.8,0.4523527007391606,0.6679954951663865
E4,PFTrDA,Branched,140,0.9,0.4525196333635247,0.6554974967604095
E4,PFTrDA,Linear,140,0.2,0.0,0.0
E4,PFTrDA,Linear,140,0.3,0.10567553803505084,0.16518173557049054
E4,PFTrDA,Linear,140,0.4,0.162960376325246,0.24458209834371775
E4,PFTrDA,Linear,140,0.5,0.17088929981325474,0.2542506586639085
E4,PFTrDA,Linear,140,0.6,0.18504304323747406,0.27638362309571385
E4,PFTrDA,Linear,140,0.6666666666666666,0.18902164104359467,0.2812603295010267
E4,PFTrDA,Linear,140,0.7,0.18978732290386519,0.28180974477078286
E4,PFTrDA,Linear,140,0.8,0.18967940079824616,0.2793309789226678
E4,PFTrDA,Linear,140,0.9,0.18912543572757734,0.27521606091488676
E4,PFTrDS,Branched,140,0.2,0.0,0.0
E4,PFTrDS,Branched,140,0.3,22.75636891747813,36.109253367256215
E4,PFTrDS,Branched,140,0.4,28.32288524321067,42.19323713047384
E4,PFTrDS,Branched,140,0.5,29.63237697907179,43.77543199812502
E4,PFTrDS,Branched,140,0.6,32.7465599597575,48.807221386600965
E4,PFTrDS,Branched,140,0.6666666666666666,33.91561221216708,50.51167132463564
E4,PFTrDS,Branched,140,0.7,34.06069698645595,50.66251281507531
E4,PFTrDS,Branched,140,0.8,34.11945024306803,50.2843135528526
E4,PFTrDS,Branched,140,0.9,34.210858284046374,49.52642645506468
E4,PFTrDS,Linear,140,0.2,0.0,0.0
E4,PFTrDS,Linear,140,0.3,1.2740139214706279,1.990889405401744
E4,PFTrDS,Linear,140,0.4,2.0807565652277913,3.1072176281539665
E4,PFTrDS,Linear,140,0.5,2.154849943939621,3.2054880976671427
E4,PFTrDS,Linear,140,0.6,2.298405710284538,3.4355522401582497
E4,PFTrDS,Linear,140,0.6666666666666666,2.3537283172238657,3.5042766415757867
E4,PFTrDS,Linear,140,0.7,2.3620807765001413,3.512804550225907
E4,PFTrDS,Linear,140,0.8,2.3606898535204976,3.4933017740056087
E4,PFTrDS,Linear,140,0.9,2.350419792279909,3.449372679824307
E4,PFUnDA,Branched,140,0.2,0.0,0.0
E4,PFUnDA,Branched,140,0.3,0.16743619706027357,0.24004993483065215
E4,PFUnDA,Branched,140,0.4,0.18768783163370606,0.2822101256225815
E4,PFUnDA,Branched,140,0.5,0.20574318568655817,0.31345225867326554
E4,PFUnDA,Branched,140,0.6,0.23190657112637236,0.3578434144896116
E4,PFUnDA,Branched,140,0.6666666666666666,0.24420581314713483,0.376813015928982
E4,PFUnDA,Branched,140,0.7,0.24509450621121423,0.3774963371908956
E4,PFUnDA,Branched,140,0.8,0.24593797879817486,0.37727563835395883
E4,PFUnDA,Branched,140,0.9,0.24499292628227792,0.3751227559201585
E4,PFUnDA,Linear,140,0.2,0.0,0.0
E4,PFUnDA,Linear,140,0.3,0.178501252202414,0.2817652885973428
E4,PFUnDA,Linear,140,0.4,0.1962602366076431,0.29570542917422904
E4,PFUnDA,Linear,140,0.5,0.2229362613297855,0.3400822283665973
E4,PFUnDA,Linear,140,0.6,0.2546351810390595,0.39011194885256417
E4,PFUnDA,Linear,140,0.6666666666666666,0.2624670699149628,0.4013988856879208
E4,PFUnDA,Linear,140,0.7,0.2630202941257807,0.40137366975578703
E4,PFUnDA,Linear,140,0.8,0.2614560421843305,0.39557319816509523
E4,PFUnDA,Linear,140,0.9,0.25897701566274045,0.3861980166276844
E4,PFUnDS,Branched,140,0.2,0.0,0.0
E4,PFUnDS,Branched,140,0.3,39.11612577313572,62.06846057771168
E4,PFUnDS,Branched,140,0.4,45.483453518079614,67.27162997275036
E4,PFUnDS,Branched,140,0.5,47.10315698866433,70.0037768130125
E4,PFUnDS,Branched,140,0.6,53.83149448942404,81.03698519353513
E4,PFUnDS,Branched,140,0.6666666666666666,55.41164236293146,83.20023521576604
E4,PFUnDS,Branched,140,0.7,55.56816559234166,83.1775559633723
E4,PFUnDS,Branched,140,0.8,55.60501372189981,82.23502501426634
E4,PFUnDS,Branched,140,0.9,55.55370760187807,80.80766885735845
E4,PFUnDS,Linear,140,0.2,0.0,0.0
E4,PFUnDS,Linear,140,0.3,6.285159935191031,9.973139096863067
E4,PFUnDS,Linear,140,0.4,7.720573273504963,11.500470802318242
E4,PFUnDS,Linear,140,0.5,8.10428238465003,11.979386708815646
E4,PFUnDS,Linear,140,0.6,8.996257311596482,13.42384319594774
E4,PFUnDS,Linear,140,0.6666666666666666,9.30336009176812,13.869268856411791
E4,PFUnDS,Linear,140,0.7,9.343983095014744,13.904889596739297
E4,PFUnDS,Linear,140,0.8,9.365044490692068,13.809553814542667
E4,PFUnDS,Linear,140,0.9,9.380723539916103,13.596252446436932
