Day,Animal,Feed_Intake_kg_day,total_dm_intake_kg_per_d,dm_digestibility_pct,feces_dm_kg_per_d,feces_wet_kg_per_d,feces_volume_l_per_d
0,E2,1.4877136407610447,1.9877136407610447,58.0,0.8348397291196389,2.3649850683275893,2.3649850683275893
1,E2,1.4614640438568205,1.9614640438568205,58.0,0.8238148984198647,2.333753253314064,2.333753253314064
2,E2,1.4614640438568205,1.9614640438568205,58.0,0.8238148984198647,2.333753253314064,2.333753253314064
3,E2,1.4614640438568205,1.9614640438568205,58.0,0.8238148984198647,2.333753253314064,2.333753253314064
4,E2,1.4614640438568205,1.9614640438568205,58.0,0.8238148984198647,2.333753253314064,2.333753253314064
5,E2,1.4614640438568205,1.9614640438568205,58.0,0.8238148984198647,2.333753253314064,2.333753253314064
6,E2,1.4614640438568205,1.9614640438568205,58.0,0.8238148984198647,2.333753253314064,2.333753253314064
7,E2,1.4614640438568205,1.9614640438568205,58.0,0.8238148984198647,2.333753253314064,2.333753253314064
8,E2,1.4877136407610447,1.9877136407610447,58.0,0.8348397291196389,2.3649850683275893,2.3649850683275893
9,E2,1.4877136407610447,1.9877136407610447,58.0,0.8348397291196389,2.3649850683275893,2.3649850683275893
10,E2,1.4877136407610447,1.9877136407610447,58.0,0.8348397291196389,2.3649850683275893,2.3649850683275893
11,E2,1.4877136407610447,1.9877136407610447,58.0,0.8348397291196389,2.3649850683275893,2.3649850683275893
12,E2,1.4877136407610447,1.9877136407610447,58.0,0.8348397291196389,2.3649850683275893,2.3649850683275893
13,E2,1.4877136407610447,1.9877136407610447,58.0,0.8348397291196389,2.3649850683275893,2.3649850683275893
14,E2,1.4877136407610447,1.9877136407610447,58.0,0.8348397291196389,2.3649850683275893,2.3649850683275893
15,E2,1.4877136407610447,1.9877136407610447,58.0,0.8348397291196389,2.3649850683275893,2.3649850683275893
16,E2,1.4877136407610447,1.9877136407610447,58.0,0.8348397291196389,2.3649850683275893,2.3649850683275893
17,E2,1.4877136407610447,1.9877136407610447,58.0,0.8348397291196389,2.3649850683275893,2.3649850683275893
18,E2,1.4877136407610447,1.9877136407610447,58.0,0.8348397291196389,2.3649850683275893,2.3649850683275893
19,E2,1.4877136407610447,1.9877136407610447,58.0,0.8348397291196389,2.3649850683275893,2.3649850683275893
20,E2,1.4877136407610447,1.9877136407610447,58.0,0.8348397291196389,2.3649850683275893,2.3649850683275893
21,E2,1.4877136407610447,1.9877136407610447,58.0,0.8348397291196389,2.3649850683275893,2.3649850683275893
22,E2,1.4877136407610447,1.9877136407610447,58.0,0.8348397291196389,2.3649850683275893,2.3649850683275893
23,E2,1.4877136407610447,1.9877136407610447,58.0,0.8348397291196389,2.3649850683275893,2.3649850683275893
24,E2,1.4877136407610447,1.9877136407610447,58.0,0.8348397291196389,2.3649850683275893,2.3649850683275893
25,E2,1.4877136407610447,1.9877136407610447,58.0,0.8348397291196389,2.3649850683275893,2.3649850683275893
26,E2,1.4877136407610447,1.9877136407610447,58.0,0.8348397291196389,2.3649850683275893,2.3649850683275893
27,E2,1.4877136407610447,1.9877136407610447,58.0,0.8348397291196389,2.3649850683275893,2.3649850683275893
28,E2,1.4877136407610447,1.9877136407610447,58.0,0.8348397291196389,2.3649850683275893,2.3649850683275893
29,E2,1.4877136407610447,1.9877136407610447,58.0,0.8348397291196389,2.3649850683275893,2.3649850683275893
30,E2,1.4877136407610447,1.9877136407610447,58.0,0.8348397291196389,2.3649850683275893,2.3649850683275893
31,E2,1.4877136407610447,1.9877136407610447,58.0,0.8348397291196389,2.3649850683275893,2.3649850683275893
32,E2,1.4877136407610447,1.9877136407610447,58.0,0.8348397291196389,2.3649850683275893,2.3649850683275893
33,E2,1.4877136407610447,1.9877136407610447,58.0,0.8348397291196389,2.3649850683275893,2.3649850683275893
34,E2,1.4877136407610447,1.9877136407610447,58.0,0.8348397291196389,2.3649850683275893,2.3649850683275893
35,E2,1.4877136407610447,1.9877136407610447,58.0,0.8348397291196389,2.3649850683275893,2.3649850683275893
36,E2,1.5139632376652694,2.013963237665269,58.0,0.8458645598194131,2.396216883341114,2.396216883341114
37,E2,1.5139632376652694,2.013963237665269,58.0,0.8458645598194131,2.396216883341114,2.396216883341114
38,E2,1.5139632376652694,2.013963237665269,58.0,0.8458645598194131,2.396216883341114,2.396216883341114
39,E2,1.5139632376652694,2.013963237665269,58.0,0.8458645598194131,2.396216883341114,2.396216883341114
40,E2,1.5139632376652694,2.013963237665269,58.0,0.8458645598194131,2.396216883341114,2.396216883341114
41,E2,1.5139632376652694,2.013963237665269,58.0,0.8458645598194131,2.396216883341114,2.396216883341114
42,E2,1.5139632376652694,2.013963237665269,58.0,0.8458645598194131,2.396216883341114,2.396216883341114
43,E2,1.4877136407610447,1.9877136407610447,58.0,0.8348397291196389,2.3649850683275893,2.3649850683275893
44,E2,1.4877136407610447,1.9877136407610447,58.0,0.8348397291196389,2.3649850683275893,2.3649850683275893
45,E2,1.4877136407610447,1.9877136407610447,58.0,0.8348397291196389,2.3649850683275893,2.3649850683275893
46,E2,1.4877136407610447,1.9877136407610447,58.0,0.8348397291196389,2.3649850683275893,2.3649850683275893
47,E2,1.4877136407610447,1.9877136407610447,58.0,0.8348397291196389,2.3649850683275893,2.3649850683275893
48,E2,1.4877136407610447,1.9877136407610447,58.0,0.8348397291196389,2.3649850683275893,2.3649850683275893
49,E2,1.4877136407610447,1.9877136407610447,58.0,0.8348397291196389,2.3649850683275893,2.3649850683275893
50,E2,1.4877136407610447,1.9877136407610447,58.0,0.8348397291196389,2.3649850683275893,2.3649850683275893
51,E2,1.4877136407610447,1.9877136407610447,58.0,0.8348397291196389,2.3649850683275893,2.3649850683275893
52,E2,1.4877136407610447,1.9877136407610447,58.0,0.8348397291196389,2.3649850683275893,2.3649850683275893
53,E2,1.4877136407610447,1.9877136407610447,58.0,0.8348397291196389,2.3649850683275893,2.3649850683275893
54,E2,1.4877136407610447,1.9877136407610447,58.0,0.8348397291196389,2.3649850683275893,2.3649850683275893
55,E2,1.4877136407610447,1.9877136407610447,58.0,0.8348397291196389,2.3649850683275893,2.3649850683275893
56,E2,1.4877136407610447,1.9877136407610447,58.0,0.8348397291196389,2.3649850683275893,2.3649850683275893
57,E2,1.4877136407610447,1.9877136407610447,58.0,0.8348397291196389,2.3649850683275893,2.3649850683275893
58,E2,1.4877136407610447,1.9877136407610447,58.0,0.8348397291196389,2.3649850683275893,2.3649850683275893
59,E2,1.4877136407610447,1.9877136407610447,58.0,0.8348397291196389,2.3649850683275893,2.3649850683275893
60,E2,1.4877136407610447,1.9877136407610447,58.0,0.8348397291196389,2.3649850683275893,2.3649850683275893
61,E2,1.4877136407610447,1.9877136407610447,58.0,0.8348397291196389,2.3649850683275893,2.3649850683275893
62,E2,1.4877136407610447,1.9877136407610447,58.0,0.8348397291196389,2.3649850683275893,2.3649850683275893
63,E2,1.4877136407610447,1.9877136407610447,58.0,0.8348397291196389,2.3649850683275893,2.3649850683275893
64,E2,1.4877136407610447,1.9877136407610447,58.0,0.8348397291196389,2.3649850683275893,2.3649850683275893
65,E2,1.4877136407610447,1.9877136407610447,58.0,0.8348397291196389,2.3649850683275893,2.3649850683275893
66,E2,1.4877136407610447,1.9877136407610447,58.0,0.8348397291196389,2.3649850683275893,2.3649850683275893
67,E2,1.4877136407610447,1.9877136407610447,58.0,0.8348397291196389,2.3649850683275893,2.3649850683275893
68,E2,1.4877136407610447,1.9877136407610447,58.0,0.8348397291196389,2.3649850683275893,2.3649850683275893
69,E2,1.4877136407610447,1.9877136407610447,58.0,0.8348397291196389,2.3649850683275893,2.3649850683275893
70,E2,1.4877136407610447,1.9877136407610447,58.0,0.8348397291196389,2.3649850683275893,2.3649850683275893
71,E2,1.4877136407610447,1.9877136407610447,58.0,0.8348397291196389,2.3649850683275893,2.3649850683275893
72,E2,1.4877136407610447,1.9877136407610447,58.0,0.8348397291196389,2.3649850683275893,2.3649850683275893
73,E2,1.4877136407610447,1.9877136407610447,58.0,0.8348397291196389,2.3649850683275893,2.3649850683275893
74,E2,1.4877136407610447,1.9877136407610447,58.0,0.8348397291196389,2.3649850683275893,2.3649850683275893
75,E2,1.4877136407610447,1.9877136407610447,58.0,0.8348397291196389,2.3649850683275893,2.3649850683275893
76,E2,1.4877136407610447,1.9877136407610447,58.0,0.8348397291196389,2.3649850683275893,2.3649850683275893
77,E2,1.4877136407610447,1.9877136407610447,58.0,0.8348397291196389,2.3649850683275893,2.3649850683275893
78,E2,1.4877136407610447,1.9877136407610447,58.0,0.8348397291196389,2.3649850683275893,2.3649850683275893
79,E2,1.4877136407610447,1.9877136407610447,58.0,0.8348397291196389,2.3649850683275893,2.3649850683275893
80,E2,1.4877136407610447,1.9877136407610447,58.0,0.8348397291196389,2.3649850683275893,2.3649850683275893
81,E2,1.4877136407610447,1.9877136407610447,58.0,0.8348397291196389,2.3649850683275893,2.3649850683275893
82,E2,1.4877136407610447,1.9877136407610447,58.0,0.8348397291196389,2.3649850683275893,2.3649850683275893
83,E2,1.4877136407610447,1.9877136407610447,58.0,0.8348397291196389,2.3649850683275893,2.3649850683275893
84,E2,1.4877136407610447,1.9877136407610447,58.0,0.8348397291196389,2.3649850683275893,2.3649850683275893
85,E2,1.4877136407610447,1.9877136407610447,58.0,0.8348397291196389,2.3649850683275893,2.3649850683275893
86,E2,1.4877136407610447,1.9877136407610447,58.0,0.8348397291196389,2.3649850683275893,2.3649850683275893
87,E2,1.4877136407610447,1.9877136407610447,58.0,0.8348397291196389,2.3649850683275893,2.3649850683275893
88,E2,1.4877136407610447,1.9877136407610447,58.0,0.8348397291196389,2.3649850683275893,2.3649850683275893
89,E2,1.4877136407610447,1.9877136407610447,58.0,0.8348397291196389,2.3649850683275893,2.3649850683275893
90,E2,1.4877136407610447,1.9877136407610447,58.0,0.8348397291196389,2.3649850683275893,2.3649850683275893
91,E2,1.4877136407610447,1.9877136407610447,58.0,0.8348397291196389,2.3649850683275893,2.3649850683275893
92,E2,1.4877136407610447,1.9877136407610447,58.0,0.8348397291196389,2.3649850683275893,2.3649850683275893
93,E2,1.4877136407610447,1.9877136407610447,58.0,0.8348397291196389,2.3649850683275893,2.3649850683275893
94,E2,1.4877136407610447,1.9877136407610447,58.0,0.8348397291196389,2.3649850683275893,2.3649850683275893
95,E2,1.4877136407610447,1.9877136407610447,58.0,0.8348397291196389,2.3649850683275893,2.3649850683275893
96,E2,1.4877136407610447,1.9877136407610447,58.0,0.8348397291196389,2.3649850683275893,2.3649850683275893
97,E2,1.4877136407610447,1.9877136407610447,58.0,0.8348397291196389,2.3649850683275893,2.3649850683275893
98,E2,1.4877136407610447,1.9877136407610447,58.0,0.8348397291196389,2.3649850683275893,2.3649850683275893
99,E2,1.4877136407610447,1.9877136407610447,58.0,0.8348397291196389,2.3649850683275893,2.3649850683275893
100,E2,1.4877136407610447,1.9877136407610447,58.0,0.8348397291196389,2.3649850683275893,2.3649850683275893
101,E2,1.4877136407610447,1.9877136407610447,58.0,0.8348397291196389,2.3649850683275893,2.3649850683275893
102,E2,1.4877136407610447,1.9877136407610447,58.0,0.8348397291196389,2.3649850683275893,2.3649850683275893
103,E2,1.4877136407610447,1.9877136407610447,58.0,0.8348397291196389,2.3649850683275893,2.3649850683275893
104,E2,1.4877136407610447,1.9877136407610447,58.0,0.8348397291196389,2.3649850683275893,2.3649850683275893
105,E2,1.4877136407610447,1.9877136407610447,58.0,0.8348397291196389,2.3649850683275893,2.3649850683275893
106,E2,1.4877136407610447,1.9877136407610447,58.0,0.8348397291196389,2.3649850683275893,2.3649850683275893
107,E2,1.4877136407610447,1.9877136407610447,58.0,0.8348397291196389,2.3649850683275893,2.3649850683275893
108,E2,1.4877136407610447,1.9877136407610447,58.0,0.8348397291196389,2.3649850683275893,2.3649850683275893
109,E2,1.4877136407610447,1.9877136407610447,58.0,0.8348397291196389,2.3649850683275893,2.3649850683275893
110,E2,1.4877136407610447,1.9877136407610447,58.0,0.8348397291196389,2.3649850683275893,2.3649850683275893
111,E2,1.4877136407610447,1.9877136407610447,58.0,0.8348397291196389,2.3649850683275893,2.3649850683275893
112,E2,1.4877136407610447,1.9877136407610447,58.0,0.8348397291196389,2.3649850683275893,2.3649850683275893
113,E2,1.4877136407610447,1.9877136407610447,58.0,0.8348397291196389,2.3649850683275893,2.3649850683275893
114,E2,1.4877136407610447,1.9877136407610447,58.0,0.8348397291196389,2.3649850683275893,2.3649850683275893
115,E2,1.4877136407610447,1.9877136407610447,58.0,0.8348397291196389,2.3649850683275893,2.3649850683275893
116,E2,1.4877136407610447,1.9877136407610447,58.0,0.8348397291196389,2.3649850683275893,2.3649850683275893
117,E2,1.4877136407610447,1.9877136407610447,58.0,0.8348397291196389,2.3649850683275893,2.3649850683275893
118,E2,1.4877136407610447,1.9877136407610447,58.0,0.8348397291196389,2.3649850683275893,2.3649850683275893
119,E2,1.4877136407610447,1.9877136407610447,58.0,0.8348397291196389,2.3649850683275893,2.3649850683275893
120,E2,1.4877136407610447,1.9877136407610447,58.0,0.8348397291196389,2.3649850683275893,2.3649850683275893
121,E2,1.4877136407610447,1.9877136407610447,58.0,0.8348397291196389,2.3649850683275893,2.3649850683275893
122,E2,1.4877136407610447,1.9877136407610447,58.0,0.8348397291196389,2.3649850683275893,2.3649850683275893
123,E2,1.4877136407610447,1.9877136407610447,58.0,0.8348397291196389,2.3649850683275893,2.3649850683275893
124,E2,1.4877136407610447,1.9877136407610447,58.0,0.8348397291196389,2.3649850683275893,2.3649850683275893
125,E2,1.4877136407610447,1.9877136407610447,58.0,0.8348397291196389,2.3649850683275893,2.3649850683275893
126,E2,1.4877136407610447,1.9877136407610447,58.0,0.8348397291196389,2.3649850683275893,2.3649850683275893
127,E2,1.4877136407610447,1.9877136407610447,58.0,0.8348397291196389,2.3649850683275893,2.3649850683275893
128,E2,1.4877136407610447,1.9877136407610447,58.0,0.8348397291196389,2.3649850683275893,2.3649850683275893
129,E2,1.4877136407610447,1.9877136407610447,58.0,0.8348397291196389,2.3649850683275893,2.3649850683275893
130,E2,1.4877136407610447,1.9877136407610447,58.0,0.8348397291196389,2.3649850683275893,2.3649850683275893
131,E2,1.4877136407610447,1.9877136407610447,58.0,0.8348397291196389,2.3649850683275893,2.3649850683275893
132,E2,1.4877136407610447,1.9877136407610447,58.0,0.8348397291196389,2.3649850683275893,2.3649850683275893
133,E2,1.4877136407610447,1.9877136407610447,58.0,0.8348397291196389,2.3649850683275893,2.3649850683275893
134,E2,1.4877136407610447,1.9877136407610447,58.0,0.8348397291196389,2.3649850683275893,2.3649850683275893
135,E2,1.4877136407610447,1.9877136407610447,58.0,0.8348397291196389,2.3649850683275893,2.3649850683275893
136,E2,1.4877136407610447,1.9877136407610447,58.0,0.8348397291196389,2.3649850683275893,2.3649850683275893
137,E2,1.4877136407610447,1.9877136407610447,58.0,0.8348397291196389,2.3649850683275893,2.3649850683275893
138,E2,1.4877136407610447,1.9877136407610447,58.0,0.8348397291196389,2.3649850683275893,2.3649850683275893
139,E2,1.4877136407610447,1.9877136407610447,58.0,0.8348397291196389,2.3649850683275893,2.3649850683275893
140,E2,1.4877136407610447,1.9877136407610447,58.0,0.8348397291196389,2.3649850683275893,2.3649850683275893
0,E3,1.3302160593356984,1.8302160593356984,58.0,0.7686907449209934,2.641548951618535,2.641548951618535
1,E3,0.6612060625604644,1.1612060625604643,58.0,0.48770654627539506,1.6759675129738667,1.6759675129738667
2,E3,0.6612060625604644,1.1612060625604643,58.0,0.48770654627539506,1.6759675129738667,1.6759675129738667
3,E3,0.6612060625604644,1.1612060625604643,58.0,0.48770654627539506,1.6759675129738667,1.6759675129738667
4,E3,0.6612060625604644,1.1612060625604643,58.0,0.48770654627539506,1.6759675129738667,1.6759675129738667
5,E3,0.6612060625604644,1.1612060625604643,58.0,0.48770654627539506,1.6759675129738667,1.6759675129738667
6,E3,0.6612060625604644,1.1612060625604643,58.0,0.48770654627539506,1.6759675129738667,1.6759675129738667
7,E3,0.6612060625604644,1.1612060625604643,58.0,0.48770654627539506,1.6759675129738667,1.6759675129738667
8,E3,1.3302160593356984,1.8302160593356984,58.0,0.7686907449209934,2.641548951618535,2.641548951618535
9,E3,1.3302160593356984,1.8302160593356984,58.0,0.7686907449209934,2.641548951618535,2.641548951618535
10,E3,1.3302160593356984,1.8302160593356984,58.0,0.7686907449209934,2.641548951618535,2.641548951618535
11,E3,1.3302160593356984,1.8302160593356984,58.0,0.7686907449209934,2.641548951618535,2.641548951618535
12,E3,1.3302160593356984,1.8302160593356984,58.0,0.7686907449209934,2.641548951618535,2.641548951618535
13,E3,1.3302160593356984,1.8302160593356984,58.0,0.7686907449209934,2.641548951618535,2.641548951618535
14,E3,1.3302160593356984,1.8302160593356984,58.0,0.7686907449209934,2.641548951618535,2.641548951618535
15,E3,1.3302160593356984,1.8302160593356984,58.0,0.7686907449209934,2.641548951618535,2.641548951618535
16,E3,1.3302160593356984,1.8302160593356984,58.0,0.7686907449209934,2.641548951618535,2.641548951618535
17,E3,1.3302160593356984,1.8302160593356984,58.0,0.7686907449209934,2.641548951618535,2.641548951618535
18,E3,1.3302160593356984,1.8302160593356984,58.0,0.7686907449209934,2.641548951618535,2.641548951618535
19,E3,1.3302160593356984,1.8302160593356984,58.0,0.7686907449209934,2.641548951618535,2.641548951618535
20,E3,1.3302160593356984,1.8302160593356984,58.0,0.7686907449209934,2.641548951618535,2.641548951618535
21,E3,1.3302160593356984,1.8302160593356984,58.0,0.7686907449209934,2.641548951618535,2.641548951618535
22,E3,1.3302160593356984,1.8302160593356984,58.0,0.7686907449209934,2.641548951618535,2.641548951618535
23,E3,1.3302160593356984,1.8302160593356984,58.0,0.7686907449209934,2.641548951618535,2.641548951618535
24,E3,1.3302160593356984,1.8302160593356984,58.0,0.7686907449209934,2.641548951618535,2.641548951618535
25,E3,1.3302160593356984,1.8302160593356984,58.0,0.7686907449209934,2.641548951618535,2.641548951618535
26,E3,1.3302160593356984,1.8302160593356984,58.0,0.7686907449209934,2.641548951618535,2.641548951618535
27,E3,1.3302160593356984,1.8302160593356984,58.0,0.7686907449209934,2.641548951618535,2.641548951618535
28,E3,1.3302160593356984,1.8302160593356984,58.0,0.7686907449209934,2.641548951618535,2.641548951618535
29,E3,1.3302160593356984,1.8302160593356984,58.0,0.7686907449209934,2.641548951618535,2.641548951618535
30,E3,1.3302160593356984,1.8302160593356984,58.0,0.7686907449209934,2.641548951618535,2.641548951618535
31,E3,1.3302160593356984,1.8302160593356984,58.0,0.7686907449209934,2.641548951618535,2.641548951618535
32,E3,1.3302160593356984,1.8302160593356984,58.0,0.7686907449209934,2.641548951618535,2.641548951618535
33,E3,1.3302160593356984,1.8302160593356984,58.0,0.7686907449209934,2.641548951618535,2.641548951618535
34,E3,1.3302160593356984,1.8302160593356984,58.0,0.7686907449209934,2.641548951618535,2.641548951618535
35,E3,1.3302160593356984,1.8302160593356984,58.0,0.7686907449209934,2.641548951618535,2.641548951618535
36,E3,1.999226056110932,2.499226056110932,58.0,1.0496749435665915,3.607130390263202,3.607130390263202
37,E3,1.999226056110932,2.499226056110932,58.0,1.0496749435665915,3.607130390263202,3.607130390263202
38,E3,1.999226056110932,2.499226056110932,58.0,1.0496749435665915,3.607130390263202,3.607130390263202
39,E3,1.999226056110932,2.499226056110932,58.0,1.0496749435665915,3.607130390263202,3.607130390263202
40,E3,1.999226056110932,2.499226056110932,58.0,1.0496749435665915,3.607130390263202,3.607130390263202
41,E3,1.999226056110932,2.499226056110932,58.0,1.0496749435665915,3.607130390263202,3.607130390263202
42,E3,1.999226056110932,2.499226056110932,58.0,1.0496749435665915,3.607130390263202,3.607130390263202
43,E3,1.3302160593356984,1.8302160593356984,58.0,0.7686907449209934,2.641548951618535,2.641548951618535
44,E3,1.3302160593356984,1.8302160593356984,58.0,0.7686907449209934,2.641548951618535,2.641548951618535
45,E3,1.3302160593356984,1.8302160593356984,58.0,0.7686907449209934,2.641548951618535,2.641548951618535
46,E3,1.3302160593356984,1.8302160593356984,58.0,0.7686907449209934,2.641548951618535,2.641548951618535
47,E3,1.3302160593356984,1.8302160593356984,58.0,0.7686907449209934,2.641548951618535,2.641548951618535
48,E3,1.3302160593356984,1.8302160593356984,58.0,0.7686907449209934,2.641548951618535,2.641548951618535
49,E3,1.3302160593356984,1.8302160593356984,58.0,0.7686907449209934,2.641548951618535,2.641548951618535
50,E3,1.3302160593356984,1.8302160593356984,58.0,0.7686907449209934,2.641548951618535,2.641548951618535
51,E3,1.3302160593356984,1.8302160593356984,58.0,0.7686907449209934,2.641548951618535,2.641548951618535
52,E3,1.3302160593356984,1.8302160593356984,58.0,0.7686907449209934,2.641548951618535,2.641548951618535
53,E3,1.3302160593356984,1.8302160593356984,58.0,0.7686907449209934,2.641548951618535,2.641548951618535
54,E3,1.3302160593356984,1.8302160593356984,58.0,0.7686907449209934,2.641548951618535,2.641548951618535
55,E3,1.3302160593356984,1.8302160593356984,58.0,0.7686907449209934,2.641548951618535,2.641548951618535
56,E3,1.3302160593356984,1.8302160593356984,58.0,0.7686907449209934,2.641548951618535,2.641548951618535
57,E3,1.3302160593356984,1.8302160593356984,58.0,0.7686907449209934,2.641548951618535,2.641548951618535
58,E3,1.3302160593356984,1.8302160593356984,58.0,0.7686907449209934,2.641548951618535,2.641548951618535
59,E3,1.3302160593356984,1.8302160593356984,58.0,0.7686907449209934,2.641548951618535,2.641548951618535
60,E3,1.3302160593356984,1.8302160593356984,58.0,0.7686907449209934,2.641548951618535,2.641548951618535
61,E3,1.3302160593356984,1.8302160593356984,58.0,0.7686907449209934,2.641548951618535,2.641548951618535
62,E3,1.3302160593356984,1.8302160593356984,58.0,0.7686907449209934,2.641548951618535,2.641548951618535
63,E3,1.3302160593356984,1.8302160593356984,58.0,0.7686907449209934,2.641548951618535,2.641548951618535
64,E3,1.3302160593356984,1.8302160593356984,58.0,0.7686907449209934,2.641548951618535,2.641548951618535
65,E3,1.3302160593356984,1.8302160593356984,58.0,0.7686907449209934,2.641548951618535,2.641548951618535
66,E3,1.3302160593356984,1.8302160593356984,58.0,0.7686907449209934,2.641548951618535,2.641548951618535
67,E3,1.3302160593356984,1.8302160593356984,58.0,0.7686907449209934,2.641548951618535,2.641548951618535
68,E3,1.3302160593356984,1.8302160593356984,58.0,0.7686907449209934,2.641548951618535,2.641548951618535
69,E3,1.3302160593356984,1.8302160593356984,58.0,0.7686907449209934,2.641548951618535,2.641548951618535
70,E3,1.3302160593356984,1.8302160593356984,58.0,0.7686907449209934,2.641548951618535,2.641548951618535
71,E3,1.3302160593356984,1.8302160593356984,58.0,0.7686907449209934,2.641548951618535,2.641548951618535
72,E3,1.3302160593356984,1.8302160593356984,58.0,0.7686907449209934,2.641548951618535,2.641548951618535
73,E3,1.3302160593356984,1.8302160593356984,58.0,0.7686907449209934,2.641548951618535,2.641548951618535
74,E3,1.3302160593356984,1.8302160593356984,58.0,0.7686907449209934,2.641548951618535,2.641548951618535
75,E3,1.3302160593356984,1.8302160593356984,58.0,0.7686907449209934,2.641548951618535,2.641548951618535
76,E3,1.3302160593356984,1.8302160593356984,58.0,0.7686907449209934,2.641548951618535,2.641548951618535
77,E3,1.3302160593356984,1.8302160593356984,58.0,0.7686907449209934,2.641548951618535,2.641548951618535
78,E3,1.3302160593356984,1.8302160593356984,58.0,0.7686907449209934,2.641548951618535,2.641548951618535
79,E3,1.3302160593356984,1.8302160593356984,58.0,0.7686907449209934,2.641548951618535,2.641548951618535
80,E3,1.3302160593356984,1.8302160593356984,58.0,0.7686907449209934,2.641548951618535,2.641548951618535
81,E3,1.3302160593356984,1.8302160593356984,58.0,0.7686907449209934,2.641548951618535,2.641548951618535
82,E3,1.3302160593356984,1.8302160593356984,58.0,0.7686907449209934,2.641548951618535,2.641548951618535
83,E3,1.3302160593356984,1.8302160593356984,58.0,0.7686907449209934,2.641548951618535,2.641548951618535
84,E3,1.3302160593356984,1.8302160593356984,58.0,0.7686907449209934,2.641548951618535,2.641548951618535
85,E3,1.3302160593356984,1.8302160593356984,58.0,0.7686907449209934,2.641548951618535,2.641548951618535
86,E3,1.3302160593356984,1.8302160593356984,58.0,0.7686907449209934,2.641548951618535,2.641548951618535
87,E3,1.3302160593356984,1.8302160593356984,58.0,0.7686907449209934,2.641548951618535,2.641548951618535
88,E3,1.3302160593356984,1.8302160593356984,58.0,0.7686907449209934,2.641548951618535,2.641548951618535
89,E3,1.3302160593356984,1.8302160593356984,58.0,0.7686907449209934,2.641548951618535,2.641548951618535
90,E3,1.3302160593356984,1.8302160593356984,58.0,0.7686907449209934,2.641548951618535,2.641548951618535
91,E3,1.3302160593356984,1.8302160593356984,58.0,0.7686907449209934,2.641548951618535,2.641548951618535
92,E3,1.3302160593356984,1.8302160593356984,58.0,0.7686907449209934,2.641548951618535,2.641548951618535
93,E3,1.3302160593356984,1.8302160593356984,58.0,0.7686907449209934,2.641548951618535,2.641548951618535
94,E3,1.3302160593356984,1.8302160593356984,58.0,0.7686907449209934,2.641548951618535,2.641548951618535
95,E3,1.3302160593356984,1.8302160593356984,58.0,0.7686907449209934,2.641548951618535,2.641548951618535
96,E3,1.3302160593356984,1.8302160593356984,58.0,0.7686907449209934,2.641548951618535,2.641548951618535
97,E3,1.3302160593356984,1.8302160593356984,58.0,0.7686907449209934,2.641548951618535,2.641548951618535
98,E3,1.3302160593356984,1.8302160593356984,58.0,0.7686907449209934,2.641548951618535,2.641548951618535
99,E3,1.3302160593356984,1.8302160593356984,58.0,0.7686907449209934,2.641548951618535,2.641548951618535
100,E3,1.3302160593356984,1.8302160593356984,58.0,0.7686907449209934,2.641548951618535,2.641548951618535
101,E3,1.3302160593356984,1.8302160593356984,58.0,0.7686907449209934,2.641548951618535,2.641548951618535
102,E3,1.3302160593356984,1.8302160593356984,58.0,0.7686907449209934,2.641548951618535,2.641548951618535
103,E3,1.3302160593356984,1.8302160593356984,58.0,0.7686907449209934,2.641548951618535,2.641548951618535
104,E3,1.3302160593356984,1.8302160593356984,58.0,0.7686907449209934,2.641548951618535,2.641548951618535
105,E3,1.3302160593356984,1.8302160593356984,58.0,0.7686907449209934,2.641548951618535,2.641548951618535
106,E3,1.3302160593356984,1.8302160593356984,58.0,0.7686907449209934,2.641548951618535,2.641548951618535
107,E3,1.3302160593356984,1.8302160593356984,58.0,0.7686907449209934,2.641548951618535,2.641548951618535
108,E3,1.3302160593356984,1.8302160593356984,58.0,0.7686907449209934,2.641548951618535,2.641548951618535
109,E3,1.3302160593356984,1.8302160593356984,58.0,0.7686907449209934,2.641548951618535,2.641548951618535
110,E3,1.3302160593356984,1.8302160593356984,58.0,0.7686907449209934,2.641548951618535,2.641548951618535
111,E3,1.3302160593356984,1.8302160593356984,58.0,0.7686907449209934,2.641548951618535,2.641548951618535
112,E3,1.3302160593356984,1.8302160593356984,58.0,0.7686907449209934,2.641548951618535,2.641548951618535
113,E3,1.3302160593356984,1.8302160593356984,58.0,0.7686907449209934,2.641548951618535,2.641548951618535
114,E3,1.3302160593356984,1.8302160593356984,58.0,0.7686907449209934,2.641548951618535,2.641548951618535
115,E3,1.3302160593356984,1.8302160593356984,58.0,0.7686907449209934,2.641548951618535,2.641548951618535
116,E3,1.3302160593356984,1.8302160593356984,58.0,0.7686907449209934,2.641548951618535,2.641548951618535
117,E3,1.3302160593356984,1.8302160593356984,58.0,0.7686907449209934,2.641548951618535,2.641548951618535
118,E3,1.3302160593356984,1.8302160593356984,58.0,0.7686907449209934,2.641548951618535,2.641548951618535
119,E3,1.3302160593356984,1.8302160593356984,58.0,0.7686907449209934,2.641548951618535,2.641548951618535
120,E3,1.3302160593356984,1.8302160593356984,58.0,0.7686907449209934,2.641548951618535,2.641548951618535
121,E3,1.3302160593356984,1.8302160593356984,58.0,0.7686907449209934,2.641548951618535,2.641548951618535
122,E3,1.3302160593356984,1.8302160593356984,58.0,0.7686907449209934,2.641548951618535,2.641548951618535
123,E3,1.3302160593356984,1.8302160593356984,58.0,0.7686907449209934,2.641548951618535,2.641548951618535
124,E3,1.3302160593356984,1.8302160593356984,58.0,0.7686907449209934,2.641548951618535,2.641548951618535
125,E3,1.3302160593356984,1.8302160593356984,58.0,0.7686907449209934,2.641548951618535,2.641548951618535
126,E3,1.3302160593356984,1.8302160593356984,58.0,0.7686907449209934,2.641548951618535,2.641548951618535
127,E3,1.3302160593356984,1.8302160593356984,58.0,0.7686907449209934,2.641548951618535,2.641548951618535
128,E3,1.3302160593356984,1.8302160593356984,58.0,0.7686907449209934,2.641548951618535,2.641548951618535
129,E3,1.3302160593356984,1.8302160593356984,58.0,0.7686907449209934,2.641548951618535,2.641548951618535
130,E3,1.3302160593356984,1.8302160593356984,58.0,0.7686907449209934,2.641548951618535,2.641548951618535
131,E3,1.3302160593356984,1.8302160593356984,58.0,0.7686907449209934,2.641548951618535,2.641548951618535
132,E3,1.3302160593356984,1.8302160593356984,58.0,0.7686907449209934,2.641548951618535,2.641548951618535
133,E3,1.3302160593356984,1.8302160593356984,58.0,0.7686907449209934,2.641548951618535,2.641548951618535
134,E3,1.3302160593356984,1.8302160593356984,58.0,0.7686907449209934,2.641548951618535,2.641548951618535
135,E3,1.3302160593356984,1.8302160593356984,58.0,0.7686907449209934,2.641548951618535,2.641548951618535
136,E3,1.3302160593356984,1.8302160593356984,58.0,0.7686907449209934,2.641548951618535,2.641548951618535
137,E3,1.3302160593356984,1.8302160593356984,58.0,0.7686907449209934,2.641548951618535,2.641548951618535
138,E3,1.3302160593356984,1.8302160593356984,58.0,0.7686907449209934,2.641548951618535,2.641548951618535
139,E3,1.3302160593356984,1.8302160593356984,58.0,0.7686907449209934,2.641548951618535,2.641548951618535
140,E3,1.3302160593356984,1.8302160593356984,58.0,0.7686907449209934,2.641548951618535,2.641548951618535
0,E4,0.8626894550145116,1.3626894550145114,58.0,0.5723295711060948,1.506130450279197,1.506130450279197
1,E4,0.3405353111899386,0.8405353111899386,58.0,0.35302483069977425,0.929012712367827,0.929012712367827
2,E4,0.3405353111899386,0.8405353111899386,58.0,0.35302483069977425,0.929012712367827,0.929012712367827
3,E4,0.3405353111899386,0.8405353111899386,58.0,0.35302483069977425,0.929012712367827,0.929012712367827
4,E4,0.3405353111899386,0.8405353111899386,58.0,0.35302483069977425,0.929012712367827,0.929012712367827
5,E4,0.3405353111899386,0.8405353111899386,58.0,0.35302483069977425,0.929012712367827,0.929012712367827
6,E4,0.3405353111899386,0.8405353111899386,58.0,0.35302483069977425,0.929012712367827,0.929012712367827
7,E4,0.3405353111899386,0.8405353111899386,58.0,0.35302483069977425,0.929012712367827,0.929012712367827
8,E4,0.8626894550145116,1.3626894550145114,58.0,0.5723295711060948,1.506130450279197,1.506130450279197
9,E4,0.8626894550145116,1.3626894550145114,58.0,0.5723295711060948,1.506130450279197,1.506130450279197
10,E4,0.8626894550145116,1.3626894550145114,58.0,0.5723295711060948,1.506130450279197,1.506130450279197
11,E4,0.8626894550145116,1.3626894550145114,58.0,0.5723295711060948,1.506130450279197,1.506130450279197
12,E4,0.8626894550145116,1.3626894550145114,58.0,0.5723295711060948,1.506130450279197,1.506130450279197
13,E4,0.8626894550145116,1.3626894550145114,58.0,0.5723295711060948,1.506130450279197,1.506130450279197
14,E4,0.8626894550145116,1.3626894550145114,58.0,0.5723295711060948,1.506130450279197,1.506130450279197
15,E4,0.8626894550145116,1.3626894550145114,58.0,0.5723295711060948,1.506130450279197,1.506130450279197
16,E4,0.8626894550145116,1.3626894550145114,58.0,0.5723295711060948,1.506130450279197,1.506130450279197
17,E4,0.8626894550145116,1.3626894550145114,58.0,0.5723295711060948,1.506130450279197,1.506130450279197
18,E4,0.8626894550145116,1.3626894550145114,58.0,0.5723295711060948,1.506130450279197,1.506130450279197
19,E4,0.8626894550145116,1.3626894550145114,58.0,0.5723295711060948,1.506130450279197,1.506130450279197
20,E4,0.8626894550145116,1.3626894550145114,58.0,0.5723295711060948,1.506130450279197,1.506130450279197
21,E4,0.8626894550145116,1.3626894550145114,58.0,0.5723295711060948,1.506130450279197,1.506130450279197
22,E4,0.8626894550145116,1.3626894550145114,58.0,0.5723295711060948,1.506130450279197,1.506130450279197
23,E4,0.8626894550145116,1.3626894550145114,58.0,0.5723295711060948,1.506130450279197,1.506130450279197
24,E4,0.8626894550145116,1.3626894550145114,58.0,0.5723295711060948,1.506130450279197,1.506130450279197
25,E4,0.8626894550145116,1.3626894550145114,58.0,0.5723295711060948,1.506130450279197,1.506130450279197
26,E4,0.8626894550145116,1.3626894550145114,58.0,0.5723295711060948,1.506130450279197,1.506130450279197
27,E4,0.8626894550145116,1.3626894550145114,58.0,0.5723295711060948,1.506130450279197,1.506130450279197
28,E4,0.8626894550145116,1.3626894550145114,58.0,0.5723295711060948,1.506130450279197,1.506130450279197
29,E4,0.8626894550145116,1.3626894550145114,58.0,0.5723295711060948,1.506130450279197,1.506130450279197
30,E4,0.8626894550145116,1.3626894550145114,58.0,0.5723295711060948,1.506130450279197,1.506130450279197
31,E4,0.8626894550145116,1.3626894550145114,58.0,0.5723295711060948,1.506130450279197,1.506130450279197
32,E4,0.8626894550145116,1.3626894550145114,58.0,0.5723295711060948,1.506130450279197,1.506130450279197
33,E4,0.8626894550145116,1.3626894550145114,58.0,0.5723295711060948,1.506130450279197,1.506130450279197
34,E4,0.8626894550145116,1.3626894550145114,58.0,0.5723295711060948,1.506130450279197,1.506130450279197
35,E4,0.8626894550145116,1.3626894550145114,58.0,0.5723295711060948,1.506130450279197,1.506130450279197
36,E4,1.3848435988390846,1.8848435988390846,58.0,0.7916343115124156,2.0832481881905673,2.0832481881905673
37,E4,1.3848435988390846,1.8848435988390846,58.0,0.7916343115124156,2.0832481881905673,2.0832481881905673
38,E4,1.3848435988390846,1.8848435988390846,58.0,0.7916343115124156,2.0832481881905673,2.0832481881905673
39,E4,1.3848435988390846,1.8848435988390846,58.0,0.7916343115124156,2.0832481881905673,2.0832481881905673
40,E4,1.3848435988390846,1.8848435988390846,58.0,0.7916343115124156,2.0832481881905673,2.0832481881905673
41,E4,1.3848435988390846,1.8848435988390846,58.0,0.7916343115124156,2.0832481881905673,2.0832481881905673
42,E4,1.3848435988390846,1.8848435988390846,58.0,0.7916343115124156,2.0832481881905673,2.0832481881905673
43,E4,0.8626894550145116,1.3626894550145114,58.0,0.5723295711060948,1.506130450279197,1.506130450279197
44,E4,0.8626894550145116,1.3626894550145114,58.0,0.5723295711060948,1.506130450279197,1.506130450279197
45,E4,0.8626894550145116,1.3626894550145114,58.0,0.5723295711060948,1.506130450279197,1.506130450279197
46,E4,0.8626894550145116,1.3626894550145114,58.0,0.5723295711060948,1.506130450279197,1.506130450279197
47,E4,0.8626894550145116,1.3626894550145114,58.0,0.5723295711060948,1.506130450279197,1.506130450279197
48,E4,0.8626894550145116,1.3626894550145114,58.0,0.5723295711060948,1.506130450279197,1.506130450279197
49,E4,0.8626894550145116,1.3626894550145114,58.0,0.5723295711060948,1.506130450279197,1.506130450279197
50,E4,0.8626894550145116,1.3626894550145114,58.0,0.5723295711060948,1.506130450279197,1.506130450279197
51,E4,0.8626894550145116,1.3626894550145114,58.0,0.5723295711060948,1.506130450279197,1.506130450279197
52,E4,0.8626894550145116,1.3626894550145114,58.0,0.5723295711060948,1.506130450279197,1.506130450279197
53,E4,0.8626894550145116,1.3626894550145114,58.0,0.5723295711060948,1.506130450279197,1.506130450279197
54,E4,0.8626894550145116,1.3626894550145114,58.0,0.5723295711060948,1.506130450279197,1.506130450279197
55,E4,0.8626894550145116,1.3626894550145114,58.0,0.5723295711060948,1.506130450279197,1.506130450279197
56,E4,0.8626894550145116,1.3626894550145114,58.0,0.5723295711060948,1.506130450279197,1.506130450279197
57,E4,0.8626894550145116,1.3626894550145114,58.0,0.5723295711060948,1.506130450279197,1.506130450279197
58,E4,0.8626894550145116,1.3626894550145114,58.0,0.5723295711060948,1.506130450279197,1.506130450279197
59,E4,0.8626894550145116,1.3626894550145114,58.0,0.5723295711060948,1.506130450279197,1.506130450279197
60,E4,0.8626894550145116,1.3626894550145114,58.0,0.5723295711060948,1.506130450279197,1.506130450279197
61,E4,0.8626894550145116,1.3626894550145114,58.0,0.5723295711060948,1.506130450279197,1.506130450279197
62,E4,0.8626894550145116,1.3626894550145114,58.0,0.5723295711060948,1.506130450279197,1.506130450279197
63,E4,0.8626894550145116,1.3626894550145114,58.0,0.5723295711060948,1.506130450279197,1.506130450279197
64,E4,0.8626894550145116,1.3626894550145114,58.0,0.5723295711060948,1.506130450279197,1.506130450279197
65,E4,0.8626894550145116,1.3626894550145114,58.0,0.5723295711060948,1.506130450279197,1.506130450279197
66,E4,0.8626894550145116,1.3626894550145114,58.0,0.5723295711060948,1.506130450279197,1.506130450279197
67,E4,0.8626894550145116,1.3626894550145114,58.0,0.5723295711060948,1.506130450279197,1.506130450279197
68,E4,0.8626894550145116,1.3626894550145114,58.0,0.5723295711060948,1.506130450279197,1.506130450279197
69,E4,0.8626894550145116,1.3626894550145114,58.0,0.5723295711060948,1.506130450279197,1.506130450279197
70,E4,0.8626894550145116,1.3626894550145114,58.0,0.5723295711060948,1.506130450279197,1.506130450279197
71,E4,0.8626894550145116,1.3626894550145114,58.0,0.5723295711060948,1.506130450279197,1.506130450279197
72,E4,0.8626894550145116,1.3626894550145114,58.0,0.5723295711060948,1.506130450279197,1.506130450279197
73,E4,0.8626894550145116,1.3626894550145114,58.0,0.5723295711060948,1.506130450279197,1.506130450279197
74,E4,0.8626894550145116,1.3626894550145114,58.0,0.5723295711060948,1.506130450279197,1.506130450279197
75,E4,0.8626894550145116,1.3626894550145114,58.0,0.5723295711060948,1.506130450279197,1.506130450279197
76,E4,0.8626894550145116,1.3626894550145114,58.0,0.5723295711060948,1.506130450279197,1.506130450279197
77,E4,0.8626894550145116,1.3626894550145114,58.0,0.5723295711060948,1.506130450279197,1.506130450279197
78,E4,0.8626894550145116,1.3626894550145114,58.0,0.5723295711060948,1.506130450279197,1.506130450279197
79,E4,0.8626894550145116,1.3626894550145114,58.0,0.5723295711060948,1.506130450279197,1.506130450279197
80,E4,0.8626894550145116,1.3626894550145114,58.0,0.5723295711060948,1.506130450279197,1.506130450279197
81,E4,0.8626894550145116,1.3626894550145114,58.0,0.5723295711060948,1.506130450279197,1.506130450279197
82,E4,0.8626894550145116,1.3626894550145114,58.0,0.5723295711060948,1.506130450279197,1.506130450279197
83,E4,0.8626894550145116,1.3626894550145114,58.0,0.5723295711060948,1.506130450279197,1.506130450279197
84,E4,0.8626894550145116,1.3626894550145114,58.0,0.5723295711060948,1.506130450279197,1.506130450279197
85,E4,0.8626894550145116,1.3626894550145114,58.0,0.5723295711060948,1.506130450279197,1.506130450279197
86,E4,0.8626894550145116,1.3626894550145114,58.0,0.5723295711060948,1.506130450279197,1.506130450279197
87,E4,0.8626894550145116,1.3626894550145114,58.0,0.5723295711060948,1.506130450279197,1.506130450279197
88,E4,0.8626894550145116,1.3626894550145114,58.0,0.5723295711060948,1.506130450279197,1.506130450279197
89,E4,0.8626894550145116,1.3626894550145114,58.0,0.5723295711060948,1.506130450279197,1.506130450279197
90,E4,0.8626894550145116,1.3626894550145114,58.0,0.5723295711060948,1.506130450279197,1.506130450279197
91,E4,0.8626894550145116,1.3626894550145114,58.0,0.5723295711060948,1.506130450279197,1.506130450279197
92,E4,0.8626894550145116,1.3626894550145114,58.0,0.5723295711060948,1.506130450279197,1.506130450279197
93,E4,0.8626894550145116,1.3626894550145114,58.0,0.5723295711060948,1.506130450279197,1.506130450279197
94,E4,0.8626894550145116,1.3626894550145114,58.0,0.5723295711060948,1.506130450279197,1.506130450279197
95,E4,0.8626894550145116,1.3626894550145114,58.0,0.5723295711060948,1.506130450279197,1.506130450279197
96,E4,0.8626894550145116,1.3626894550145114,58.0,0.5723295711060948,1.506130450279197,1.506130450279197
97,E4,0.8626894550145116,1.3626894550145114,58.0,0.5723295711060948,1.506130450279197,1.506130450279197
98,E4,0.8626894550145116,1.3626894550145114,58.0,0.5723295711060948,1.506130450279197,1.506130450279197
99,E4,0.8626894550145116,1.3626894550145114,58.0,0.5723295711060948,1.506130450279197,1.506130450279197
100,E4,0.8626894550145116,1.3626894550145114,58.0,0.5723295711060948,1.506130450279197,1.506130450279197
101,E4,0.8626894550145116,1.3626894550145114,58.0,0.5723295711060948,1.506130450279197,1.506130450279197
102,E4,0.8626894550145116,1.3626894550145114,58.0,0.5723295711060948,1.506130450279197,1.506130450279197
103,E4,0.8626894550145116,1.3626894550145114,58.0,0.5723295711060948,1.506130450279197,1.506130450279197
104,E4,0.8626894550145116,1.3626894550145114,58.0,0.5723295711060948,1.506130450279197,1.506130450279197
105,E4,0.8626894550145116,1.3626894550145114,58.0,0.5723295711060948,1.506130450279197,1.506130450279197
106,E4,0.8626894550145116,1.3626894550145114,58.0,0.5723295711060948,1.506130450279197,1.506130450279197
107,E4,0.8626894550145116,1.3626894550145114,58.0,0.5723295711060948,1.506130450279197,1.506130450279197
108,E4,0.8626894550145116,1.3626894550145114,58.0,0.5723295711060948,1.506130450279197,1.506130450279197
109,E4,0.8626894550145116,1.3626894550145114,58.0,0.5723295711060948,1.506130450279197,1.506130450279197
110,E4,0.8626894550145116,1.3626894550145114,58.0,0.5723295711060948,1.506130450279197,1.506130450279197
111,E4,0.8626894550145116,1.3626894550145114,58.0,0.5723295711060948,1.506130450279197,1.506130450279197
112,E4,0.8626894550145116,1.3626894550145114,58.0,0.5723295711060948,1.506130450279197,1.506130450279197
113,E4,0.8626894550145116,1.3626894550145114,58.0,0.5723295711060948,1.506130450279197,1.506130450279197
114,E4,0.8626894550145116,1.3626894550145114,58.0,0.5723295711060948,1.506130450279197,1.506130450279197
115,E4,0.8626894550145116,1.3626894550145114,58.0,0.5723295711060948,1.506130450279197,1.506130450279197
116,E4,0.8626894550145116,1.3626894550145114,58.0,0.5723295711060948,1.506130450279197,1.506130450279197
117,E4,0.8626894550145116,1.3626894550145114,58.0,0.5723295711060948,1.506130450279197,1.506130450279197
118,E4,0.8626894550145116,1.3626894550145114,58.0,0.5723295711060948,1.506130450279197,1.506130450279197
119,E4,0.8626894550145116,1.3626894550145114,58.0,0.5723295711060948,1.506130450279197,1.506130450279197
120,E4,0.8626894550145116,1.3626894550145114,58.0,0.5723295711060948,1.506130450279197,1.506130450279197
121,E4,0.8626894550145116,1.3626894550145114,58.0,0.5723295711060948,1.506130450279197,1.506130450279197
122,E4,0.8626894550145116,1.3626894550145114,58.0,0.5723295711060948,1.506130450279197,1.506130450279197
123,E4,0.8626894550145116,1.3626894550145114,58.0,0.5723295711060948,1.506130450279197,1.506130450279197
124,E4,0.8626894550145116,1.3626894550145114,58.0,0.5723295711060948,1.506130450279197,1.506130450279197
125,E4,0.8626894550145116,1.3626894550145114,58.0,0.5723295711060948,1.506130450279197,1.506130450279197
126,E4,0.8626894550145116,1.3626894550145114,58.0,0.5723295711060948,1.506130450279197,1.506130450279197
127,E4,0.8626894550145116,1.3626894550145114,58.0,0.5723295711060948,1.506130450279197,1.506130450279197
128,E4,0.8626894550145116,1.3626894550145114,58.0,0.5723295711060948,1.506130450279197,1.506130450279197
129,E4,0.8626894550145116,1.3626894550145114,58.0,0.5723295711060948,1.506130450279197,1.506130450279197
130,E4,0.8626894550145116,1.3626894550145114,58.0,0.5723295711060948,1.506130450279197,1.506130450279197
131,E4,0.8626894550145116,1.3626894550145114,58.0,0.5723295711060948,1.506130450279197,1.506130450279197
132,E4,0.8626894550145116,1.3626894550145114,58.0,0.5723295711060948,1.506130450279197,1.506130450279197
133,E4,0.8626894550145116,1.3626894550145114,58.0,0.5723295711060948,1.506130450279197,1.506130450279197
134,E4,0.8626894550145116,1.3626894550145114,58.0,0.5723295711060948,1.506130450279197,1.506130450279197
135,E4,0.8626894550145116,1.3626894550145114,58.0,0.5723295711060948,1.506130450279197,1.506130450279197
136,E4,0.8626894550145116,1.3626894550145114,58.0,0.5723295711060948,1.506130450279197,1.506130450279197
137,E4,0.8626894550145116,1.3626894550145114,58.0,0.5723295711060948,1.506130450279197,1.506130450279197
138,E4,0.8626894550145116,1.3626894550145114,58.0,0.5723295711060948,1.506130450279197,1.506130450279197
139,E4,0.8626894550145116,1.3626894550145114,58.0,0.5723295711060948,1.506130450279197,1.506130450279197
140,E4,0.8626894550145116,1.3626894550145114,58.0,0.5723295711060948,1.506130450279197,1.506130450279197
