Compound,Isomer,Compartment,Time,Pred_Median,CI_Lower,CI_Upper,Param_CI_Lower,Param_CI_Upper,Animal_Variation,CI_Observation_Lower,CI_Observation_Upper,Sigma,MC_Samples,MC_Seed,MC_Date,Model_Version
PFNA,Linear,milk,0,0.0,0.0,0.0,0.0,0.0,0.0,3.9599620067403137e-07,2.5223610680694266e-06,0.4732547846143635,10000,42,2026-02-04T11:19:06.408588,PB(T)K v1.0
PFNA,Linear,milk,1,0.0004332070820964873,1.612712185306009e-05,0.0024883095175027847,1.8388733224128373e-05,0.002221065806224942,0.00021204256336204708,1.3986441461879085e-05,0.0032831453853292927,0.4732547846143635,10000,42,2026-02-04T11:19:06.408588,PB(T)K v1.0
PFNA,Linear,milk,2,0.002396421507000923,0.00010386508802184835,0.007892165333032608,0.00010924049274763092,0.007007487118244171,0.0006018230924382806,9.372396754197447e-05,0.011610647682976163,0.4732547846143635,10000,42,2026-02-04T11:19:06.408588,PB(T)K v1.0
PFNA,Linear,milk,3,0.0021382917184382677,0.00013131914602126926,0.00815576408058405,0.00014940256369300187,0.005476450547575951,0.0012005559401586652,0.00011473186649085138,0.011443267736849201,0.4732547846143635,10000,42,2026-02-04T11:19:06.408588,PB(T)K v1.0
PFNA,Linear,milk,4,0.0021531847305595875,0.00016686324670445174,0.008515400812029839,0.00020262952602934092,0.005433261394500732,0.0014969836920499802,0.0001446215115192371,0.012129925846858854,0.4732547846143635,10000,42,2026-02-04T11:19:06.408588,PB(T)K v1.0
PFNA,Linear,milk,5,0.0024190680123865604,0.00021723232930526137,0.00872417725622654,0.0002613424730952829,0.0055912253446877,0.0016070923302322626,0.000188876730312832,0.012834232214824402,0.4732547846143635,10000,42,2026-02-04T11:19:06.408588,PB(T)K v1.0
PFNA,Linear,milk,6,0.0024475320242345333,0.0002094240189762786,0.008868161588907242,0.0003006512124557048,0.0054122027941048145,0.001862419885583222,0.00018344806506386053,0.013469249883920103,0.4732547846143635,10000,42,2026-02-04T11:19:06.408588,PB(T)K v1.0
PFNA,Linear,milk,7,0.0026926009450107813,0.00029991965857334435,0.008972483687102795,0.0003717592917382717,0.005724430549889803,0.0017784952651709318,0.0002540678146407227,0.013536715290972645,0.4732547846143635,10000,42,2026-02-04T11:19:06.408588,PB(T)K v1.0
PFNA,Linear,milk,8,0.0027411356568336487,0.0003204786917194724,0.009049452841281891,0.00041817218880169094,0.005703540984541178,0.0018926275661215186,0.00027684329583900843,0.01357512256972602,0.4732547846143635,10000,42,2026-02-04T11:19:06.408588,PB(T)K v1.0
PFNA,Linear,milk,9,0.003165938425809145,0.0003552132111508399,0.009154938161373138,0.0004727671330329031,0.006314093247056007,0.001821921905502677,0.00031690994617100806,0.014087632440443025,0.4732547846143635,10000,42,2026-02-04T11:19:06.408588,PB(T)K v1.0
PFNA,Linear,milk,10,0.004208546131849289,0.00043600989738479257,0.009293973445892334,0.0005471191834658384,0.007656557485461235,0.0015362788690254092,0.000365053901019592,0.015281907153965987,0.4732547846143635,10000,42,2026-02-04T11:19:06.408588,PB(T)K v1.0
PFNA,Linear,milk,11,0.004740040749311447,0.0005146492039784789,0.00942215882241726,0.0006237983470782638,0.008056165650486946,0.0014207212952896953,0.0004576998519333153,0.015695771892324795,0.4732547846143635,10000,42,2026-02-04T11:19:06.408588,PB(T)K v1.0
PFNA,Linear,milk,12,0.005034581758081913,0.0005905474536120892,0.009495072066783905,0.0007000494515523314,0.008225315250456333,0.001369637786410749,0.000504759064476123,0.01598610041339548,0.4732547846143635,10000,42,2026-02-04T11:19:06.408588,PB(T)K v1.0
PFNA,Linear,milk,13,0.005231780931353569,0.0006647866684943438,0.00954623706638813,0.0007752192905172706,0.008341189473867416,0.0013429414248093963,0.0005587366355921744,0.016434196862407404,0.4732547846143635,10000,42,2026-02-04T11:19:06.408588,PB(T)K v1.0
PFNA,Linear,milk,14,0.005379576236009598,0.000738812203053385,0.009588295593857765,0.0008484355639666319,0.008445089682936668,0.001328019192442298,0.000620645412961504,0.016740167150535782,0.4732547846143635,10000,42,2026-02-04T11:19:06.408588,PB(T)K v1.0
PFNA,Linear,milk,15,0.005494620651006699,0.0008098917314782739,0.009621266275644302,0.0009205308742821217,0.008495112881064415,0.001319569069892168,0.0006768469479127205,0.016621297537247542,0.4732547846143635,10000,42,2026-02-04T11:19:06.408588,PB(T)K v1.0
PFNA,Linear,milk,16,0.0055880192667245865,0.0008806965197436512,0.009645569138228893,0.000992326531559229,0.008547203615307808,0.0013149721780791879,0.0007599558979919491,0.016894050504439904,0.4732547846143635,10000,42,2026-02-04T11:19:06.408588,PB(T)K v1.0
PFNA,Linear,milk,17,0.005670443177223206,0.000950833666138351,0.009674634784460068,0.0010631843470036983,0.00858992524445057,0.0013127669226378202,0.0008224007713214667,0.01686760584414208,0.4732547846143635,10000,42,2026-02-04T11:19:06.408588,PB(T)K v1.0
PFNA,Linear,milk,18,0.005738073959946632,0.001017512520775199,0.009706487879157066,0.0011331328423693776,0.008618254214525223,0.0013120978837832808,0.0008526721185191488,0.01703751798167906,0.4732547846143635,10000,42,2026-02-04T11:19:06.408588,PB(T)K v1.0
PFNA,Linear,milk,19,0.005807595327496529,0.0010833698324859142,0.009738113731145859,0.0012021553702652454,0.00865409430116415,0.0013124404940754175,0.0009187689317674384,0.01695746801681328,0.4732547846143635,10000,42,2026-02-04T11:19:06.408588,PB(T)K v1.0
PFNA,Linear,milk,20,0.005856428295373917,0.0011445842683315277,0.009748081676661968,0.0012702638050541282,0.008657584898173809,0.0013134487671777606,0.0009572998095638249,0.017104709747982186,0.4732547846143635,10000,42,2026-02-04T11:19:06.408588,PB(T)K v1.0
PFNA,Linear,milk,21,0.005904588848352432,0.0012099773157387972,0.009776654653251171,0.001336477929726243,0.008672579191625118,0.0013148889411240816,0.0010405440102280283,0.017248600713794044,0.4732547846143635,10000,42,2026-02-04T11:19:06.408588,PB(T)K v1.0
PFNA,Linear,milk,22,0.005942575633525848,0.0012719195801764727,0.00979386456310749,0.0014015465276315808,0.008689354173839092,0.0013166189892217517,0.0010834404531001429,0.017172575726520745,0.4732547846143635,10000,42,2026-02-04T11:19:06.408588,PB(T)K v1.0
PFNA,Linear,milk,23,0.0059686340391635895,0.001333597581833601,0.009812354110181332,0.0014656296698376536,0.008705723099410534,0.0013185301795601845,0.001112424882578089,0.017238988323364717,0.4732547846143635,10000,42,2026-02-04T11:19:06.408588,PB(T)K v1.0
PFNA,Linear,milk,24,0.006004009395837784,0.0013944952515885234,0.009828944690525532,0.001528368447907269,0.008722367696464062,0.0013205453287810087,0.0011673981354917728,0.01744526646963291,0.4732547846143635,10000,42,2026-02-04T11:19:06.408588,PB(T)K v1.0
PFNA,Linear,milk,25,0.006029512733221054,0.0014540827833116055,0.009840990416705608,0.0015907097840681672,0.008730186149477959,0.001322620315477252,0.001185475387476312,0.01746977117359053,0.4732547846143635,10000,42,2026-02-04T11:19:06.408588,PB(T)K v1.0
PFNA,Linear,milk,26,0.006051242351531982,0.001510361093096435,0.009852305985987186,0.001651827828027308,0.008739645592868328,0.0013247119495645165,0.001218463198489684,0.017456293453439117,0.4732547846143635,10000,42,2026-02-04T11:19:06.408588,PB(T)K v1.0
PFNA,Linear,milk,27,0.0060746073722839355,0.0015670321881771088,0.009865432977676392,0.0017150403000414371,0.008749944157898426,0.0013268017210066319,0.0012670317567013713,0.017353048360567582,0.4732547846143635,10000,42,2026-02-04T11:19:06.408588,PB(T)K v1.0
PFNA,Linear,milk,28,0.006094694137573242,0.0016224038554355502,0.009872162714600563,0.0017759004840627313,0.008753110654652119,0.0013288676273077726,0.0012827654481974856,0.017522614264479368,0.4732547846143635,10000,42,2026-02-04T11:19:06.408588,PB(T)K v1.0
PFNA,Linear,milk,29,0.0061177462339401245,0.0016776829725131392,0.009888558648526669,0.0018359621753916144,0.008753950707614422,0.0013308952329680324,0.0013261174841628764,0.017444047677236892,0.4732547846143635,10000,42,2026-02-04T11:19:06.408588,PB(T)K v1.0
PFNA,Linear,milk,30,0.006136246025562286,0.0017338198376819491,0.009900805540382862,0.0018952343380078673,0.008768051862716675,0.0013328819768503308,0.0013471809170418642,0.017507729771900123,0.4732547846143635,10000,42,2026-02-04T11:19:06.408588,PB(T)K v1.0
PFNA,Linear,milk,31,0.006152793765068054,0.001786841545253992,0.009905454702675343,0.0019498902838677168,0.008773352019488811,0.0013348190113902092,0.001366374120374629,0.017585439044218384,0.4732547846143635,10000,42,2026-02-04T11:19:06.408588,PB(T)K v1.0
PFNA,Linear,milk,32,0.006167128682136536,0.0018386781448498368,0.009918450377881527,0.0020035183988511562,0.008774137124419212,0.0013367021456360817,0.0014191989239989574,0.01753776399025938,0.4732547846143635,10000,42,2026-02-04T11:19:06.408588,PB(T)K v1.0
PFNA,Linear,milk,33,0.006180807948112488,0.0018887800397351384,0.009927972219884396,0.0020596941467374563,0.008776210248470306,0.0013385307975113392,0.0014303964206411146,0.017577832662954804,0.4732547846143635,10000,42,2026-02-04T11:19:06.408588,PB(T)K v1.0
PFNA,Linear,milk,34,0.006195954978466034,0.0019406741484999657,0.009940208867192268,0.002116515999659896,0.008783676661550999,0.0013403046177700162,0.0014459133826015052,0.017588225255972253,0.4732547846143635,10000,42,2026-02-04T11:19:06.408588,PB(T)K v1.0
PFNA,Linear,milk,35,0.006210125982761383,0.001990066608414054,0.009950106963515282,0.0021738673094660044,0.008790121413767338,0.001342019997537136,0.0014770278872309776,0.017380019607301036,0.4732547846143635,10000,42,2026-02-04T11:19:06.408588,PB(T)K v1.0
PFNA,Linear,milk,36,0.0062193796038627625,0.002041914500296116,0.00995622482150793,0.002226857701316476,0.008795034140348434,0.0013436776353046298,0.0014943333095657188,0.018067187291534958,0.4732547846143635,10000,42,2026-02-04T11:19:06.408588,PB(T)K v1.0
PFNA,Linear,milk,37,0.006497927010059357,0.0020973498467355967,0.010289596393704414,0.0022838066797703505,0.009336951188743114,0.001268155756406486,0.0015407239759848007,0.018235372941390608,0.4732547846143635,10000,42,2026-02-04T11:19:06.408588,PB(T)K v1.0
PFNA,Linear,milk,38,0.007089473307132721,0.0021728917490690947,0.011436030268669128,0.0023613846860826015,0.01043556910008192,0.0012187238316982985,0.0016880234318916113,0.019992924003397677,0.4732547846143635,10000,42,2026-02-04T11:19:06.408588,PB(T)K v1.0
PFNA,Linear,milk,39,0.007364325225353241,0.002249289071187377,0.01200402807444334,0.002440221607685089,0.010912630707025528,0.0012321065878495574,0.001746335400251152,0.02056898615394237,0.4732547846143635,10000,42,2026-02-04T11:19:06.408588,PB(T)K v1.0
PFNA,Linear,milk,40,0.0075103119015693665,0.0023335127625614405,0.012263785116374493,0.0025180524680763483,0.011101720854640007,0.001243668608367443,0.0018184503408001952,0.021487088152205566,0.4732547846143635,10000,42,2026-02-04T11:19:06.408588,PB(T)K v1.0
PFNA,Linear,milk,41,0.0076143741607666016,0.0024170854594558477,0.012433688156306744,0.0025947964750230312,0.01124920416623354,0.001253340276889503,0.0018581113172929371,0.021800009510131717,0.4732547846143635,10000,42,2026-02-04T11:19:06.408588,PB(T)K v1.0
PFNA,Linear,milk,42,0.007692858576774597,0.0024941859301179647,0.012541410513222218,0.0026704652700573206,0.011350723914802074,0.0012617071624845266,0.0019107291688211041,0.02187286029915435,0.4732547846143635,10000,42,2026-02-04T11:19:06.408588,PB(T)K v1.0
PFNA,Linear,milk,43,0.007746174931526184,0.0025691112969070673,0.012622872367501259,0.002744312398135662,0.011435126885771751,0.001269055181182921,0.0019566657278127296,0.02237011577868702,0.4732547846143635,10000,42,2026-02-04T11:19:06.408588,PB(T)K v1.0
PFNA,Linear,milk,44,0.007573351263999939,0.0026276095304638147,0.012047464028000832,0.0028093955479562283,0.011020290665328503,0.0012074658880010247,0.0019921342975024767,0.021519960811104816,0.4732547846143635,10000,42,2026-02-04T11:19:06.408588,PB(T)K v1.0
PFNA,Linear,milk,45,0.007098212838172913,0.002668314380571246,0.011113929562270641,0.002855028258636594,0.010257160291075706,0.0011873040348291397,0.0018940625089717141,0.01973117294505452,0.4732547846143635,10000,42,2026-02-04T11:19:06.408588,PB(T)K v1.0
PFNA,Linear,milk,46,0.0068448856472969055,0.0027108429931104183,0.010714414529502392,0.0028976374305784702,0.009865294210612774,0.0012218268821015954,0.0018803279384699083,0.019676437719954528,0.4732547846143635,10000,42,2026-02-04T11:19:06.408588,PB(T)K v1.0
PFNA,Linear,milk,47,0.006714612245559692,0.0027440947014838457,0.010525024496018887,0.002939548809081316,0.009655330330133438,0.0012474815594032407,0.001828819643305334,0.01904864567499984,0.4732547846143635,10000,42,2026-02-04T11:19:06.408588,PB(T)K v1.0
PFNA,Linear,milk,48,0.006637074053287506,0.002771169412881136,0.010405754670500755,0.0029808999970555305,0.009504500776529312,0.0012667509727180004,0.0017927203353777063,0.018707960681755564,0.4732547846143635,10000,42,2026-02-04T11:19:06.408588,PB(T)K v1.0
PFNA,Linear,milk,49,0.006584987044334412,0.002803965238854289,0.010334132239222527,0.0030217492021620274,0.009377475827932358,0.001281763194128871,0.0018172991712405925,0.01820055246024481,0.4732547846143635,10000,42,2026-02-04T11:19:06.408588,PB(T)K v1.0
PFNA,Linear,milk,50,0.006549462676048279,0.0028393049724400043,0.01027466170489788,0.0030619874596595764,0.009271933697164059,0.0012937645660713315,0.0017985648096199758,0.018563955768845338,0.4732547846143635,10000,42,2026-02-04T11:19:06.408588,PB(T)K v1.0
PFNA,Linear,milk,51,0.006523795425891876,0.002863985253497958,0.010225176811218262,0.0031036739237606525,0.009199287742376328,0.0013035532319918275,0.0017960518265794695,0.018271565204010253,0.4732547846143635,10000,42,2026-02-04T11:19:06.408588,PB(T)K v1.0
PFNA,Linear,milk,52,0.006504744291305542,0.0028931868728250265,0.010193170048296452,0.003140300279483199,0.009135738015174866,0.001311684725806117,0.0017785540386980126,0.018120001855337697,0.4732547846143635,10000,42,2026-02-04T11:19:06.408588,PB(T)K v1.0
PFNA,Linear,milk,53,0.006488204002380371,0.002919987076893449,0.010178273543715477,0.003178526647388935,0.00908827967941761,0.0013185410061851144,0.0018485912847325853,0.01832447657375306,0.4732547846143635,10000,42,2026-02-04T11:19:06.408588,PB(T)K v1.0
PFNA,Linear,milk,54,0.00647987425327301,0.0029456198681145906,0.010152298957109451,0.00321018579415977,0.009061370976269245,0.0013243943685665727,0.0018124356433819962,0.018533864171650146,0.4732547846143635,10000,42,2026-02-04T11:19:06.408588,PB(T)K v1.0
PFNA,Linear,milk,55,0.00647146999835968,0.002972235204651952,0.01013090182095766,0.003248360939323902,0.009043926373124123,0.0013294643722474575,0.001821018798621501,0.01812913519789759,0.4732547846143635,10000,42,2026-02-04T11:19:06.408588,PB(T)K v1.0
PFNA,Linear,milk,56,0.006467193365097046,0.0029832974541932344,0.010119255632162094,0.0032891067676246166,0.00903074350208044,0.001333891530521214,0.0018093874491555625,0.01814868952164033,0.4732547846143635,10000,42,2026-02-04T11:19:06.408588,PB(T)K v1.0
PFNA,Linear,milk,57,0.006462186574935913,0.0030030112247914076,0.01010075118392706,0.003324968507513404,0.009022234939038754,0.0013377987779676914,0.001841743782972118,0.018115172343709664,0.4732547846143635,10000,42,2026-02-04T11:19:06.408588,PB(T)K v1.0
PFNA,Linear,milk,58,0.005439817905426025,0.0028078900650143623,0.009266369976103306,0.003333361353725195,0.008345101028680801,0.0011679338058456779,0.0016229208596021084,0.015902007031673406,0.4732547846143635,10000,42,2026-02-04T11:19:06.408588,PB(T)K v1.0
PFNA,Linear,milk,59,0.0032251139637082815,0.0004078205965925008,0.008115669712424278,0.0004860075132455677,0.007128314580768347,0.0009711634484119713,0.0003458129669206241,0.013026184032635058,0.4732547846143635,10000,42,2026-02-04T11:19:06.408588,PB(T)K v1.0
PFNA,Linear,milk,60,0.0025734915398061275,2.5222248950740322e-05,0.007408540695905685,2.608574868645519e-05,0.006941860541701317,0.0004850091354455799,2.3182913569681777e-05,0.011599787154457496,0.4732547846143635,10000,42,2026-02-04T11:19:06.408588,PB(T)K v1.0
PFNA,Linear,milk,61,0.0017273894045501947,1.0132789611816406e-06,0.006877397187054157,1.0239489256491652e-06,0.006343961227685213,0.00044359007733874023,1.3125526953716122e-06,0.010305610125648403,0.4732547846143635,10000,42,2026-02-04T11:19:06.408588,PB(T)K v1.0
PFNA,Linear,milk,62,0.001182258129119873,2.9802322387695312e-08,0.006439541932195425,3.883333121734722e-08,0.005918299313634634,0.00039614943671040237,7.61011544590418e-07,0.00935875493451717,0.4732547846143635,10000,42,2026-02-04T11:19:06.408588,PB(T)K v1.0
PFNA,Linear,milk,63,0.0008212774991989136,0.0,0.00610097823664546,0.0,0.005613040179014206,0.00033224717481061816,6.525957299285666e-07,0.008724121640679044,0.4732547846143635,10000,42,2026-02-04T11:19:06.408588,PB(T)K v1.0
PFNA,Linear,milk,64,0.0005780607461929321,0.0,0.005784252658486366,0.0,0.005460869055241346,0.00024388475867453963,5.9026797496845e-07,0.008255219864369997,0.4732547846143635,10000,42,2026-02-04T11:19:06.408588,PB(T)K v1.0
PFNA,Linear,milk,65,0.0003809630870819092,0.0,0.005494902841746807,0.0,0.005068209953606129,0.0002601417654659599,5.773350522908527e-07,0.007444403953415762,0.4732547846143635,10000,42,2026-02-04T11:19:06.408588,PB(T)K v1.0
PFNA,Linear,milk,66,0.00023526223958469927,0.0,0.00476823328062892,0.0,0.00439384113997221,0.00021294166799634695,5.42467809864006e-07,0.006525851267839478,0.4732547846143635,10000,42,2026-02-04T11:19:06.408588,PB(T)K v1.0
PFNA,Linear,milk,67,0.00017426229896955192,0.0,0.005007259547710419,0.0,0.00463052187114954,0.00021258225024212152,5.271847338750722e-07,0.006732581182201043,0.4732547846143635,10000,42,2026-02-04T11:19:06.408588,PB(T)K v1.0
PFNA,Linear,milk,68,0.00012093782424926758,0.0,0.0049346680752933025,0.0,0.0046017286367714405,0.0001998814259422943,5.204703551632264e-07,0.00663873239657646,0.4732547846143635,10000,42,2026-02-04T11:19:06.408588,PB(T)K v1.0
PFNA,Linear,milk,69,7.253140211105347e-05,0.0,0.004222496412694454,0.0,0.003895888337865472,0.00016869546379894018,5.155629691762517e-07,0.005571806986744798,0.4732547846143635,10000,42,2026-02-04T11:19:06.408588,PB(T)K v1.0
PFNA,Linear,milk,70,5.884603888262063e-05,0.0,0.004817251581698656,0.0,0.0044799004681408405,0.00017748185200616717,5.001291924113867e-07,0.006312416959394557,0.4732547846143635,10000,42,2026-02-04T11:19:06.408588,PB(T)K v1.0
PFNA,Linear,milk,71,3.4090920962626114e-05,0.0,0.004066926427185535,0.0,0.0037495996803045273,0.00015768851153552532,4.879144254638823e-07,0.005230887240619089,0.4732547846143635,10000,42,2026-02-04T11:19:06.408588,PB(T)K v1.0
PFNA,Linear,milk,72,2.384185791015625e-05,0.0,0.0040954542346298695,0.0,0.0037394273094832897,0.00016592288739047945,4.892103114448738e-07,0.005248023930781719,0.4732547846143635,10000,42,2026-02-04T11:19:06.408588,PB(T)K v1.0
PFNA,Linear,milk,73,1.701464134384878e-05,0.0,0.003960977774113417,0.0,0.003770027542486787,0.00011270853428868577,4.843414973342991e-07,0.005297714783569774,0.4732547846143635,10000,42,2026-02-04T11:19:06.408588,PB(T)K v1.0
PFNA,Linear,milk,74,1.0287436452927068e-05,0.0,0.003694834653288126,0.0,0.003330796491354704,0.000150887222844176,4.793767842774627e-07,0.004718689469227671,0.4732547846143635,10000,42,2026-02-04T11:19:06.408588,PB(T)K v1.0
PFNA,Linear,milk,75,8.15499879536219e-06,0.0,0.00421889265999198,0.0,0.003803235711529851,0.00016102443623822182,4.726690225368721e-07,0.005209947556643378,0.4732547846143635,10000,42,2026-02-04T11:19:06.408588,PB(T)K v1.0
PFNA,Linear,milk,76,4.892547622148413e-06,0.0,0.003245028667151928,0.0,0.003215742064639926,3.637301051639952e-05,4.7352508579373604e-07,0.004262534067045195,0.4732547846143635,10000,42,2026-02-04T11:19:06.408588,PB(T)K v1.0
PFNA,Linear,milk,77,3.326015757920686e-06,0.0,0.0035200356505811214,0.0,0.0032057820353657007,0.00013344065519049764,4.716639246116186e-07,0.004391273812618119,0.4732547846143635,10000,42,2026-02-04T11:19:06.408588,PB(T)K v1.0
PFNA,Linear,milk,78,2.4139881134033203e-06,0.0,0.0035326466895639896,0.0,0.0033617194276303053,9.198485349770635e-05,4.650300058419919e-07,0.0044134176573084665,0.4732547846143635,10000,42,2026-02-04T11:19:06.408588,PB(T)K v1.0
PFNA,Linear,milk,79,1.539786580906366e-06,0.0,0.0032844189554452896,0.0,0.0031134963501244783,9.412326471647248e-05,4.630009353736468e-07,0.0040525951093961215,0.4732547846143635,10000,42,2026-02-04T11:19:06.408588,PB(T)K v1.0
PFNA,Linear,milk,80,9.934107083608978e-07,0.0,0.003086313372477889,0.0,0.002877635881304741,9.780174877960235e-05,4.5985976613779864e-07,0.003822525312305282,0.4732547846143635,10000,42,2026-02-04T11:19:06.408588,PB(T)K v1.0
PFNA,Linear,milk,81,7.45058002848964e-07,0.0,0.0032208263874053955,0.0,0.0031155752949416637,7.886728417361155e-05,4.5939880007756597e-07,0.004037206921661392,0.4732547846143635,10000,42,2026-02-04T11:19:06.408588,PB(T)K v1.0
PFNA,Linear,milk,82,4.602166541189945e-07,0.0,0.002926882589235902,0.0,0.0027955605182796717,7.6758922659792e-05,4.535527656151736e-07,0.0036106275399265114,0.4732547846143635,10000,42,2026-02-04T11:19:06.408588,PB(T)K v1.0
PFNA,Linear,milk,83,3.209480894383887e-07,0.0,0.00281857093796134,0.0,0.0027181387413293123,6.816527456976473e-05,4.560001016863157e-07,0.003508459276865006,0.4732547846143635,10000,42,2026-02-04T11:19:06.408588,PB(T)K v1.0
PFNA,Linear,milk,84,2.086162567138672e-07,0.0,0.0027732527814805508,0.0,0.0026594458613544703,7.009991531958804e-05,4.4482486860034864e-07,0.0033183758589220443,0.4732547846143635,10000,42,2026-02-04T11:19:06.408588,PB(T)K v1.0
PFNA,Linear,milk,85,1.4901161193847656e-07,0.0,0.002797656459733844,0.0,0.002664987463504076,7.062419899739325e-05,4.515133974370768e-07,0.003328603235331061,0.4732547846143635,10000,42,2026-02-04T11:19:06.408588,PB(T)K v1.0
PFNA,Linear,milk,86,9.169945514031497e-08,0.0,0.0027357032522559166,0.0,0.0026052133180201054,6.762907287338749e-05,4.521250033505855e-07,0.0032754541777230074,0.4732547846143635,10000,42,2026-02-04T11:19:06.408588,PB(T)K v1.0
PFNA,Linear,milk,87,6.386211737208214e-08,0.0,0.002782201860100031,0.0,0.002621258841827512,7.529271533712745e-05,4.463248664029879e-07,0.003344736117836214,0.4732547846143635,10000,42,2026-02-04T11:19:06.408588,PB(T)K v1.0
PFNA,Linear,milk,88,4.5849727570157484e-08,0.0,0.0025041201151907444,0.0,0.002307828748598695,7.260114216478541e-05,4.4446437116924615e-07,0.0029168725467800223,0.4732547846143635,10000,42,2026-02-04T11:19:06.408588,PB(T)K v1.0
PFNA,Linear,milk,89,2.7093019383528372e-08,0.0,0.002559328218922019,0.0,0.002478676149621606,5.0716207624645904e-05,4.435198648307838e-07,0.003040204384190456,0.4732547846143635,10000,42,2026-02-04T11:19:06.408588,PB(T)K v1.0
PFNA,Linear,milk,90,2.2924863785078742e-08,0.0,0.0025827386416494846,0.0,0.0024607933592051268,5.8841444115387276e-05,4.4514046036714426e-07,0.0029983957505188216,0.4732547846143635,10000,42,2026-02-04T11:19:06.408588,PB(T)K v1.0
PFNA,Linear,milk,91,1.3546509691764186e-08,0.0,0.0023522041738033295,0.0,0.002244548173621297,5.587736814050004e-05,4.40382952988031e-07,0.0027162252055259813,0.4732547846143635,10000,42,2026-02-04T11:19:06.408588,PB(T)K v1.0
PFNA,Linear,milk,92,0.0,0.0,0.0022294423542916775,0.0,0.0021554080303758383,4.3327334424247965e-05,4.392350682308059e-07,0.002706393555246996,0.4732547846143635,10000,42,2026-02-04T11:19:06.408588,PB(T)K v1.0
PFNA,Linear,milk,93,0.0,0.0,0.0025080281775444746,0.0,0.0023969998583197594,5.303668513079174e-05,4.384563574603208e-07,0.0028928732618764947,0.4732547846143635,10000,42,2026-02-04T11:19:06.408588,PB(T)K v1.0
PFNA,Linear,milk,94,0.0,0.0,0.002201974857598543,0.0,0.002072914270684123,5.455702557810582e-05,4.289376322974478e-07,0.0025886448361102632,0.4732547846143635,10000,42,2026-02-04T11:19:06.408588,PB(T)K v1.0
PFNA,Linear,milk,95,0.0,0.0,0.002160541480407119,0.0,0.002069487003609538,4.240167254465632e-05,4.382898703609041e-07,0.0024428107051380787,0.4732547846143635,10000,42,2026-02-04T11:19:06.408588,PB(T)K v1.0
PFNA,Linear,milk,96,0.0,0.0,0.0022030172403901815,0.0,0.0021513579413294792,4.501190414885059e-05,4.329734104307806e-07,0.0025601025417805417,0.4732547846143635,10000,42,2026-02-04T11:19:06.408588,PB(T)K v1.0
PFNA,Linear,milk,97,0.0,0.0,0.0022083385847508907,0.0,0.00209458963945508,4.782820542459376e-05,4.3835850346722267e-07,0.0024568617989698077,0.4732547846143635,10000,42,2026-02-04T11:19:06.408588,PB(T)K v1.0
PFNA,Linear,milk,98,0.0,0.0,0.002102599712088704,0.0,0.002002551220357418,4.3140011257492006e-05,4.324987112257601e-07,0.002441193505056532,0.4732547846143635,10000,42,2026-02-04T11:19:06.408588,PB(T)K v1.0
PFNA,Linear,milk,99,0.0,0.0,0.002211121842265129,0.0,0.002082470105960965,5.064830111223273e-05,4.3349689719180344e-07,0.0024291714935913374,0.4732547846143635,10000,42,2026-02-04T11:19:06.408588,PB(T)K v1.0
PFNA,Linear,milk,100,0.0,0.0,0.0020869094878435135,0.0,0.001985251670703292,4.391607944853604e-05,4.377242353221822e-07,0.0023931599091226996,0.4732547846143635,10000,42,2026-02-04T11:19:06.408588,PB(T)K v1.0
PFNA,Linear,milk,101,0.0,0.0,0.0018363605486229062,0.0,0.0017868580762296915,3.1325380405178294e-05,4.31801420114474e-07,0.0020675215950102417,0.4732547846143635,10000,42,2026-02-04T11:19:06.408588,PB(T)K v1.0
PFNA,Linear,milk,102,0.0,0.0,0.001931911800056696,0.0,0.00181798345874995,4.380346945254132e-05,4.3387042928117166e-07,0.002190042093356916,0.4732547846143635,10000,42,2026-02-04T11:19:06.408588,PB(T)K v1.0
PFNA,Linear,milk,103,0.0,0.0,0.0018537386786192656,0.0,0.0018105475464835763,2.6343068384448998e-05,4.2631185102254606e-07,0.0021238429216695704,0.4732547846143635,10000,42,2026-02-04T11:19:06.408588,PB(T)K v1.0
PFNA,Linear,milk,104,0.0,0.0,0.00200912868604064,0.0,0.0018936353735625744,4.349270602688193e-05,4.2547790002252825e-07,0.0022482533061721995,0.4732547846143635,10000,42,2026-02-04T11:19:06.408588,PB(T)K v1.0
PFNA,Linear,milk,105,0.0,0.0,0.0019532504957169294,0.0,0.0018732690950855613,4.668631299864501e-05,4.2883741708034147e-07,0.0022205232499255653,0.4732547846143635,10000,42,2026-02-04T11:19:06.408588,PB(T)K v1.0
PFNA,Linear,milk,106,0.0,0.0,0.0017800179775804281,0.0,0.001741511165164411,3.911507883458398e-05,4.2639413662412746e-07,0.0019642782921646417,0.4732547846143635,10000,42,2026-02-04T11:19:06.408588,PB(T)K v1.0
PFNA,Linear,milk,107,0.0,0.0,0.0017561226850375533,0.0,0.0016972380690276623,3.282077523181215e-05,4.31622774238834e-07,0.0019178290379044428,0.4732547846143635,10000,42,2026-02-04T11:19:06.408588,PB(T)K v1.0
PFNA,Linear,milk,108,0.0,0.0,0.0015807365998625755,0.0,0.0015281958039849997,3.014775757037569e-05,4.267997548757252e-07,0.0017411672776922694,0.4732547846143635,10000,42,2026-02-04T11:19:06.408588,PB(T)K v1.0
PFNA,Linear,milk,109,0.0,0.0,0.0016035414300858974,0.0,0.001592709799297154,1.9936544049414806e-05,4.2135207351344734e-07,0.0018335844053306539,0.4732547846143635,10000,42,2026-02-04T11:19:06.408588,PB(T)K v1.0
PFNA,Linear,milk,110,0.0,0.0,0.0018541986355558038,0.0,0.001766642089933157,3.933348853024654e-05,4.2739171198862555e-07,0.0020286378443326973,0.4732547846143635,10000,42,2026-02-04T11:19:06.408588,PB(T)K v1.0
PFNA,Linear,milk,111,0.0,0.0,0.0017425082623958588,0.0,0.0017105264123529196,4.052155782119371e-05,4.2807215541254515e-07,0.0018690459434934621,0.4732547846143635,10000,42,2026-02-04T11:19:06.408588,PB(T)K v1.0
PFNA,Linear,milk,112,0.0,0.0,0.001595388981513679,0.0,0.0015720570227131248,2.8612652386073023e-05,4.2350715335769286e-07,0.0017601712501094965,0.4732547846143635,10000,42,2026-02-04T11:19:06.408588,PB(T)K v1.0
PFNA,Linear,milk,113,0.0,0.0,0.0016296105459332466,0.0,0.0016093467129394412,3.3418735256418586e-05,4.283165923150915e-07,0.0018144616818488546,0.4732547846143635,10000,42,2026-02-04T11:19:06.408588,PB(T)K v1.0
PFNA,Linear,milk,114,0.0,0.0,0.0013652872294187546,0.0,0.0013754437677562237,1.7811837096814997e-05,4.2254165479857953e-07,0.001523766653663106,0.4732547846143635,10000,42,2026-02-04T11:19:06.408588,PB(T)K v1.0
PFNA,Linear,milk,115,0.0,0.0,0.0015091914683580399,0.0,0.001496347482316196,2.643601874297019e-05,4.314658711012724e-07,0.0016505851902830538,0.4732547846143635,10000,42,2026-02-04T11:19:06.408588,PB(T)K v1.0
PFNA,Linear,milk,116,0.0,0.0,0.0015364910941570997,0.0,0.0015145906945690513,2.8118249247199856e-05,4.204148618895091e-07,0.0016783198558964368,0.4732547846143635,10000,42,2026-02-04T11:19:06.408588,PB(T)K v1.0
PFNA,Linear,milk,117,0.0,0.0,0.0015154015272855759,0.0,0.001503542298451066,2.7689686248777434e-05,4.2311518219352256e-07,0.0016822823989686793,0.4732547846143635,10000,42,2026-02-04T11:19:06.408588,PB(T)K v1.0
PFNA,Linear,milk,118,0.0,0.0,0.0013751157093793154,0.0,0.0013897528406232595,2.3300251996261068e-05,4.2117473827314667e-07,0.0015584169153800105,0.4732547846143635,10000,42,2026-02-04T11:19:06.408588,PB(T)K v1.0
PFNA,Linear,milk,119,0.0,0.0,0.0015220879577100277,0.0,0.0015102524776011705,2.9754775823676027e-05,4.216816959793079e-07,0.0016703679664953318,0.4732547846143635,10000,42,2026-02-04T11:19:06.408588,PB(T)K v1.0
PFNA,Linear,milk,120,0.0,0.0,0.0013853204436600208,0.0,0.0013978987699374557,2.4008355467231013e-05,4.181052845115643e-07,0.001510290233914728,0.4732547846143635,10000,42,2026-02-04T11:19:06.408588,PB(T)K v1.0
PFNA,Linear,milk,121,0.0,0.0,0.0013430278049781919,0.0,0.0013696573441848159,2.651053000590764e-05,4.228975423898353e-07,0.001477582122333219,0.4732547846143635,10000,42,2026-02-04T11:19:06.408588,PB(T)K v1.0
PFNA,Linear,milk,122,0.0,0.0,0.0013349010841920972,0.0,0.0013436960289254785,2.2333033484756015e-05,4.2322270987372246e-07,0.0014774910785173665,0.4732547846143635,10000,42,2026-02-04T11:19:06.408588,PB(T)K v1.0
PFNA,Linear,milk,123,0.0,0.0,0.0013813793193548918,0.0,0.001373924664221704,2.4277052943944e-05,4.1720989620180757e-07,0.001504337578807054,0.4732547846143635,10000,42,2026-02-04T11:19:06.408588,PB(T)K v1.0
PFNA,Linear,milk,124,0.0,0.0,0.0012951293028891087,0.0,0.001302019227296114,2.1341373212635517e-05,4.2110418598049555e-07,0.001410329213312489,0.4732547846143635,10000,42,2026-02-04T11:19:06.408588,PB(T)K v1.0
PFNA,Linear,milk,125,0.0,0.0,0.0012746963184326887,0.0,0.0012830013874918222,2.0864788893959485e-05,4.1440050414130927e-07,0.0014071390880526357,0.4732547846143635,10000,42,2026-02-04T11:19:06.408588,PB(T)K v1.0
PFNA,Linear,milk,126,0.0,0.0,0.0012539854506030679,0.0,0.0012612079735845327,2.0403349481057376e-05,4.2171372330070785e-07,0.0013755066056031578,0.4732547846143635,10000,42,2026-02-04T11:19:06.408588,PB(T)K v1.0
PFNA,Linear,milk,127,0.0,0.0,0.001237529213540256,0.0,0.0012422373984009027,1.9957027689088136e-05,4.206477204297057e-07,0.0013711116434365202,0.4732547846143635,10000,42,2026-02-04T11:19:06.408588,PB(T)K v1.0
PFNA,Linear,milk,128,0.0,0.0,0.001217930461280048,0.0,0.0012256071204319596,1.9524981325957924e-05,4.1791587716579664e-07,0.0013311884635400857,0.4732547846143635,10000,42,2026-02-04T11:19:06.408588,PB(T)K v1.0
PFNA,Linear,milk,129,0.0,0.0,0.0011992605868726969,0.0,0.0012078125728294253,1.9106591935269535e-05,4.204281457515401e-07,0.0013061560182272074,0.4732547846143635,10000,42,2026-02-04T11:19:06.408588,PB(T)K v1.0
PFNA,Linear,milk,130,0.0,0.0,0.0011805037502199411,0.0,0.0011888336157426238,1.870133746706415e-05,4.1574670289506633e-07,0.001252945460064669,0.4732547846143635,10000,42,2026-02-04T11:19:06.408588,PB(T)K v1.0
PFNA,Linear,milk,131,0.0,0.0,0.0011625513434410095,0.0,0.0011721707414835691,1.830871042329818e-05,4.2043221853523473e-07,0.0012748457846358623,0.4732547846143635,10000,42,2026-02-04T11:19:06.408588,PB(T)K v1.0
PFNA,Linear,milk,132,0.0,0.0,0.0011919469106942415,0.0,0.0011991208884865046,2.1484172975760885e-05,4.1801705348438546e-07,0.0012507767580394132,0.4732547846143635,10000,42,2026-02-04T11:19:06.408588,PB(T)K v1.0
PFNA,Linear,milk,133,0.0,0.0,0.0010843807831406593,0.0,0.0010984650580212474,1.5081410310813226e-05,4.1980361058369306e-07,0.0011641946214779627,0.4732547846143635,10000,42,2026-02-04T11:19:06.408588,PB(T)K v1.0
PFNA,Linear,milk,134,0.0,0.0,0.0011527002789080143,0.0,0.001177826663479209,2.061498526018113e-05,4.1473173874317174e-07,0.001237750123591061,0.4732547846143635,10000,42,2026-02-04T11:19:06.408588,PB(T)K v1.0
PFNA,Linear,milk,135,0.0,0.0,0.0010952006559818983,0.0,0.0011192905949428678,1.6874428183655255e-05,4.2072113592771327e-07,0.0011550406591118532,0.4732547846143635,10000,42,2026-02-04T11:19:06.408588,PB(T)K v1.0
PFNA,Linear,milk,136,0.0,0.0,0.001076234271749854,0.0,0.001106102834455669,1.6538666386622936e-05,4.1984274822735555e-07,0.0011453726287987186,0.4732547846143635,10000,42,2026-02-04T11:19:06.408588,PB(T)K v1.0
PFNA,Linear,milk,137,0.0,0.0,0.0010595542844384909,0.0,0.0010922829387709498,1.621212504687719e-05,4.203408045047522e-07,0.0011347926821216137,0.4732547846143635,10000,42,2026-02-04T11:19:06.408588,PB(T)K v1.0
PFNA,Linear,milk,138,0.0,0.0,0.0010459426557645202,0.0,0.0010790929663926363,1.58950515469769e-05,4.1829312033045176e-07,0.0011031552223798842,0.4732547846143635,10000,42,2026-02-04T11:19:06.408588,PB(T)K v1.0
PFNA,Linear,milk,139,0.0,0.0,0.001032036729156971,0.0,0.0010632678167894483,1.558701478643343e-05,4.174164964759745e-07,0.0010983213651385535,0.4732547846143635,10000,42,2026-02-04T11:19:06.408588,PB(T)K v1.0
PFNA,Linear,milk,140,0.0,0.0,0.0010192447807639837,0.0,0.0010488133411854506,1.528766551928129e-05,4.146121830829823e-07,0.0010962343529322032,0.4732547846143635,10000,42,2026-02-04T11:19:06.408588,PB(T)K v1.0
PFNA,Linear,elim,0,0.0,0.0,0.0,0.0,0.0,0.0,4.5528859515480203e-07,2.195508169319594e-06,0.4,10000,42,2026-02-04T11:19:06.408588,PB(T)K v1.0
PFNA,Linear,elim,1,0.029503915458917618,0.0011180330766364932,0.1315312683582306,0.0011633381946012378,0.12071038782596588,0.008834313601255417,0.0010267102959626673,0.16985797312679865,0.4,10000,42,2026-02-04T11:19:06.408588,PB(T)K v1.0
PFNA,Linear,elim,2,0.09821566939353943,0.004243917763233185,0.33233439922332764,0.004535246174782515,0.25212404131889343,0.033957310020923615,0.003913429944861216,0.4314501526405356,0.4,10000,42,2026-02-04T11:19:06.408588,PB(T)K v1.0
PFNA,Linear,elim,3,0.10252384096384048,0.0063751572743058205,0.3697144091129303,0.007294851820915937,0.22021405398845673,0.05872000753879547,0.005721906836324573,0.49658251642610257,0.4,10000,42,2026-02-04T11:19:06.408588,PB(T)K v1.0
PFNA,Linear,elim,4,0.09478485584259033,0.00816692691296339,0.3732280135154724,0.00993424467742443,0.2123546600341797,0.07194847613573074,0.007607043103203522,0.5321906045683408,0.4,10000,42,2026-02-04T11:19:06.408588,PB(T)K v1.0
PFNA,Linear,elim,5,0.1094779223203659,0.009973805397748947,0.3739560842514038,0.012532282620668411,0.21105358004570007,0.07985790073871613,0.009241020964109,0.5530920471789669,0.4,10000,42,2026-02-04T11:19:06.408588,PB(T)K v1.0
PFNA,Linear,elim,6,0.12264232337474823,0.011739366687834263,0.37427568435668945,0.01509646326303482,0.2108675241470337,0.08530373126268387,0.010771824895918021,0.5801227812031291,0.4,10000,42,2026-02-04T11:19:06.408588,PB(T)K v1.0
PFNA,Linear,elim,7,0.13406047224998474,0.013481687754392624,0.3744715452194214,0.017627181485295296,0.21081241965293884,0.0893997997045517,0.012349641430659284,0.5780328580091874,0.4,10000,42,2026-02-04T11:19:06.408588,PB(T)K v1.0
PFNA,Linear,elim,8,0.1426401138305664,0.015140742994844913,0.37462499737739563,0.02012491598725319,0.21085026860237122,0.09258036315441132,0.013953522573506698,0.5905705045717883,0.4,10000,42,2026-02-04T11:19:06.408588,PB(T)K v1.0
PFNA,Linear,elim,9,0.15773829817771912,0.017506573349237442,0.3764095604419708,0.022976607084274292,0.24941296875476837,0.087281733751297,0.015798646238849905,0.5991366621513698,0.4,10000,42,2026-02-04T11:19:06.408588,PB(T)K v1.0
PFNA,Linear,elim,10,0.20444488525390625,0.021210435777902603,0.3800837993621826,0.026652440428733826,0.30635660886764526,0.07363753020763397,0.019450235044052445,0.6363350580225535,0.4,10000,42,2026-02-04T11:19:06.408588,PB(T)K v1.0
PFNA,Linear,elim,11,0.21982359886169434,0.024874640628695488,0.38108375668525696,0.030378399416804314,0.31330227851867676,0.06815945357084274,0.023081703052385664,0.652212020146661,0.4,10000,42,2026-02-04T11:19:06.408588,PB(T)K v1.0
PFNA,Linear,elim,12,0.23020893335342407,0.028684111312031746,0.3814104497432709,0.03405814617872238,0.3143513798713684,0.0657324492931366,0.02605036475153153,0.6673149863017985,0.4,10000,42,2026-02-04T11:19:06.408588,PB(T)K v1.0
PFNA,Linear,elim,13,0.24692565202713013,0.03243718668818474,0.3815574645996094,0.03769003227353096,0.31474828720092773,0.0644640401005745,0.02936250850068176,0.6725735992251417,0.4,10000,42,2026-02-04T11:19:06.408588,PB(T)K v1.0
PFNA,Linear,elim,14,0.2609207034111023,0.03596818819642067,0.3816556930541992,0.041274625808000565,0.3149249255657196,0.06375496834516525,0.03241433336518278,0.6843079702682358,0.4,10000,42,2026-02-04T11:19:06.408588,PB(T)K v1.0
PFNA,Linear,elim,15,0.27346909046173096,0.039397113025188446,0.3817134499549866,0.04481253772974014,0.31505146622657776,0.06335385143756866,0.03676859014214493,0.6927796616777813,0.4,10000,42,2026-02-04T11:19:06.408588,PB(T)K v1.0
PFNA,Linear,elim,16,0.28403234481811523,0.04294925555586815,0.38176488876342773,0.04830436781048775,0.3151324689388275,0.06313519924879074,0.03756940917830792,0.6884469639678558,0.4,10000,42,2026-02-04T11:19:06.408588,PB(T)K v1.0
PFNA,Linear,elim,17,0.29292523860931396,0.04624151438474655,0.3817887604236603,0.051750749349594116,0.31520336866378784,0.06303030997514725,0.041335035039604756,0.6865749750709912,0.4,10000,42,2026-02-04T11:19:06.408588,PB(T)K v1.0
PFNA,Linear,elim,18,0.3006213903427124,0.04963655397295952,0.3818192481994629,0.05515224114060402,0.3152470588684082,0.06299847364425659,0.043906186752056514,0.6988992182695077,0.4,10000,42,2026-02-04T11:19:06.408588,PB(T)K v1.0
PFNA,Linear,elim,19,0.30727148056030273,0.0529496893286705,0.381840318441391,0.05850941687822342,0.3152788281440735,0.06301432102918625,0.04642253905846714,0.70246095504051,0.4,10000,42,2026-02-04T11:19:06.408588,PB(T)K v1.0
PFNA,Linear,elim,20,0.3127908706665039,0.05607699230313301,0.381864070892334,0.06182289123535156,0.3153093755245209,0.06306178867816925,0.05055452101904614,0.7039500995449949,0.4,10000,42,2026-02-04T11:19:06.408588,PB(T)K v1.0
PFNA,Linear,elim,21,0.31758010387420654,0.05924577638506889,0.3818846344947815,0.06509322673082352,0.3153283894062042,0.06313028186559677,0.051855283592072504,0.7060359258550915,0.4,10000,42,2026-02-04T11:19:06.408588,PB(T)K v1.0
PFNA,Linear,elim,22,0.32149291038513184,0.06217162683606148,0.38190460205078125,0.06832095235586166,0.31534239649772644,0.06321181356906891,0.05447854646430149,0.7016553966246938,0.4,10000,42,2026-02-04T11:19:06.408588,PB(T)K v1.0
PFNA,Linear,elim,23,0.32509541511535645,0.06527629494667053,0.38192176818847656,0.07150669395923615,0.315351277589798,0.06330237537622452,0.05855720915348258,0.7110673446026974,0.4,10000,42,2026-02-04T11:19:06.408588,PB(T)K v1.0
PFNA,Linear,elim,24,0.3280196189880371,0.06841174513101578,0.38193511962890625,0.07465089857578278,0.31536537408828735,0.06339786946773529,0.060582224535469735,0.7109656718629515,0.4,10000,42,2026-02-04T11:19:06.408588,PB(T)K v1.0
PFNA,Linear,elim,25,0.3305978775024414,0.0714508667588234,0.3819417953491211,0.0777541771531105,0.31539011001586914,0.0634961873292923,0.0620236618927849,0.7069215300952698,0.4,10000,42,2026-02-04T11:19:06.408588,PB(T)K v1.0
PFNA,Linear,elim,26,0.33251237869262695,0.07440987974405289,0.3819504380226135,0.08081705123186111,0.31541112065315247,0.06359519064426422,0.06531348182398725,0.7161810914615081,0.4,10000,42,2026-02-04T11:19:06.408588,PB(T)K v1.0
PFNA,Linear,elim,27,0.33417177200317383,0.07717914879322052,0.3819637894630432,0.08383999764919281,0.31541475653648376,0.06369414925575256,0.06744405857908509,0.7092236470522246,0.4,10000,42,2026-02-04T11:19:06.408588,PB(T)K v1.0
PFNA,Linear,elim,28,0.33541035652160645,0.07991024851799011,0.3819771111011505,0.08682361990213394,0.3154228925704956,0.063791923224926,0.07051275991177028,0.71111722310584,0.4,10000,42,2026-02-04T11:19:06.408588,PB(T)K v1.0
PFNA,Linear,elim,29,0.3363187313079834,0.08275040984153748,0.3819885551929474,0.08976838737726212,0.3154400587081909,0.06388812512159348,0.07142081983820578,0.716297209889038,0.4,10000,42,2026-02-04T11:19:06.408588,PB(T)K v1.0
PFNA,Linear,elim,30,0.3369431495666504,0.0854640081524849,0.38199809193611145,0.09267481416463852,0.3154408633708954,0.06398211419582367,0.0733778270049883,0.7178032614084737,0.4,10000,42,2026-02-04T11:19:06.408588,PB(T)K v1.0
PFNA,Linear,elim,31,0.3374135494232178,0.08814755827188492,0.3820076286792755,0.09554335474967957,0.3154524564743042,0.06407386809587479,0.07375585142042418,0.7147463766033936,0.4,10000,42,2026-02-04T11:19:06.408588,PB(T)K v1.0
PFNA,Linear,elim,32,0.33774471282958984,0.09073538333177567,0.38201528787612915,0.09837458282709122,0.31546416878700256,0.06416312605142593,0.07602448601915283,0.7116528590420732,0.4,10000,42,2026-02-04T11:19:06.408588,PB(T)K v1.0
PFNA,Linear,elim,33,0.3379831314086914,0.09346244484186172,0.3820210099220276,0.10117090493440628,0.3154737055301666,0.064249686896801,0.07992681987010636,0.7201640173408157,0.4,10000,42,2026-02-04T11:19:06.408588,PB(T)K v1.0
PFNA,Linear,elim,34,0.338167667388916,0.09610103815793991,0.3820238411426544,0.10393096506595612,0.31547611951828003,0.06433380395174026,0.07962305947118693,0.7158418972802106,0.4,10000,42,2026-02-04T11:19:06.408588,PB(T)K v1.0
PFNA,Linear,elim,35,0.33834171295166016,0.0985969826579094,0.3820247948169708,0.10665519535541534,0.31547850370407104,0.06441517919301987,0.08174952628340977,0.7231452031380561,0.4,10000,42,2026-02-04T11:19:06.408588,PB(T)K v1.0
PFNA,Linear,elim,36,0.33849668502807617,0.1009933203458786,0.38203150033950806,0.10934405773878098,0.31548741459846497,0.06449365615844727,0.08312530128179865,0.7137021473638877,0.4,10000,42,2026-02-04T11:19:06.408588,PB(T)K v1.0
PFNA,Linear,elim,37,0.3493947982788086,0.10411739349365234,0.39529526233673096,0.11238419264554977,0.3530353307723999,0.06068336218595505,0.08602470530337296,0.7428076656561488,0.4,10000,42,2026-02-04T11:19:06.408588,PB(T)K v1.0
PFNA,Linear,elim,38,0.37047815322875977,0.10818981379270554,0.49085333943367004,0.11624561995267868,0.4100527763366699,0.05845785513520241,0.09295862268680688,0.8157920909965356,0.4,10000,42,2026-02-04T11:19:06.408588,PB(T)K v1.0
PFNA,Linear,elim,39,0.3791027069091797,0.11220037937164307,0.5091057419776917,0.12015484273433685,0.41719791293144226,0.05914115160703659,0.09632859181161862,0.8565914397233868,0.4,10000,42,2026-02-04T11:19:06.408588,PB(T)K v1.0
PFNA,Linear,elim,40,0.3817176818847656,0.11656782776117325,0.5112810134887695,0.12401565909385681,0.4184597432613373,0.05971546098589897,0.09942153480128638,0.8818987266953328,0.4,10000,42,2026-02-04T11:19:06.408588,PB(T)K v1.0
PFNA,Linear,elim,41,0.3830742835998535,0.12063590437173843,0.5118972659111023,0.12782640755176544,0.4189125597476959,0.060188621282577515,0.1021460641141321,0.886513682015838,0.4,10000,42,2026-02-04T11:19:06.408588,PB(T)K v1.0
PFNA,Linear,elim,42,0.383908748626709,0.12483913451433182,0.5122566819190979,0.13158775866031647,0.41914689540863037,0.06059350073337555,0.10439413561396955,0.91049881330435,0.4,10000,42,2026-02-04T11:19:06.408588,PB(T)K v1.0
PFNA,Linear,elim,43,0.38448047637939453,0.12884686887264252,0.5124884247779846,0.13530021905899048,0.41929885745048523,0.060947485268116,0.1076152584117083,0.9033076818743149,0.4,10000,42,2026-02-04T11:19:06.408588,PB(T)K v1.0
PFNA,Linear,elim,44,0.38379955291748047,0.13187909126281738,0.4856949746608734,0.138578400015831,0.40414780378341675,0.05783436447381973,0.11052503957913688,0.8592094326915201,0.4,10000,42,2026-02-04T11:19:06.408588,PB(T)K v1.0
PFNA,Linear,elim,45,0.3769245147705078,0.13425211608409882,0.44466498494148254,0.14095331728458405,0.37866055965423584,0.057003527879714966,0.10661306265664236,0.808144075099153,0.4,10000,42,2026-02-04T11:19:06.408588,PB(T)K v1.0
PFNA,Linear,elim,46,0.3585481643676758,0.13606292009353638,0.42203718423843384,0.14319945871829987,0.36484116315841675,0.058681365102529526,0.10402234830212834,0.7854304445998646,0.4,10000,42,2026-02-04T11:19:06.408588,PB(T)K v1.0
PFNA,Linear,elim,47,0.34853076934814453,0.1378445029258728,0.40758341550827026,0.14541418850421906,0.3560376763343811,0.059917151927948,0.10292678208975883,0.7644168017358177,0.4,10000,42,2026-02-04T11:19:06.408588,PB(T)K v1.0
PFNA,Linear,elim,48,0.34400415420532227,0.1397029161453247,0.39725980162620544,0.14760008454322815,0.34967344999313354,0.06084001436829567,0.1027225374990854,0.7505121873131713,0.4,10000,42,2026-02-04T11:19:06.408588,PB(T)K v1.0
PFNA,Linear,elim,49,0.34223175048828125,0.14131934940814972,0.3892795443534851,0.14975759387016296,0.3448544144630432,0.06155659258365631,0.10183471456881545,0.741984113002702,0.4,10000,42,2026-02-04T11:19:06.408588,PB(T)K v1.0
PFNA,Linear,elim,50,0.34160804748535156,0.14314812421798706,0.383636474609375,0.15188711881637573,0.34096559882164,0.0621279776096344,0.10272743956282673,0.7485122740293776,0.4,10000,42,2026-02-04T11:19:06.408588,PB(T)K v1.0
PFNA,Linear,elim,51,0.34131336212158203,0.14499476552009583,0.38261985778808594,0.1539890021085739,0.3377668261528015,0.06259351223707199,0.10239120731193277,0.741663225097718,0.4,10000,42,2026-02-04T11:19:06.408588,PB(T)K v1.0
PFNA,Linear,elim,52,0.3411369323730469,0.14660722017288208,0.38250166177749634,0.15606370568275452,0.335021436214447,0.06297989189624786,0.10392240291823816,0.7272221321023994,0.4,10000,42,2026-02-04T11:19:06.408588,PB(T)K v1.0
PFNA,Linear,elim,53,0.3410167694091797,0.1482790857553482,0.3824176788330078,0.15811128914356232,0.33278289437294006,0.06330516189336777,0.10197318990036623,0.7355476477308145,0.4,10000,42,2026-02-04T11:19:06.408588,PB(T)K v1.0
PFNA,Linear,elim,54,0.3408927917480469,0.1497851312160492,0.38236045837402344,0.160132497549057,0.33085209131240845,0.0635828748345375,0.10428483622358879,0.7352496374626912,0.4,10000,42,2026-02-04T11:19:06.408588,PB(T)K v1.0
PFNA,Linear,elim,55,0.34081554412841797,0.15167367458343506,0.3823127746582031,0.16212724149227142,0.32910916209220886,0.0638229176402092,0.10504265297151973,0.7318497637517125,0.4,10000,42,2026-02-04T11:19:06.408588,PB(T)K v1.0
PFNA,Linear,elim,56,0.34075069427490234,0.15364930033683777,0.3822784423828125,0.16409632563591003,0.32755228877067566,0.06403274089097977,0.10235879506083387,0.7324928533376989,0.4,10000,42,2026-02-04T11:19:06.408588,PB(T)K v1.0
PFNA,Linear,elim,57,0.3406972885131836,0.15560056269168854,0.38225555419921875,0.16603980958461761,0.326244056224823,0.06421776115894318,0.105237381043278,0.7378863829773431,0.4,10000,42,2026-02-04T11:19:06.408588,PB(T)K v1.0
PFNA,Linear,elim,58,0.2740621566772461,0.13287578523159027,0.3679428696632385,0.16124795377254486,0.31685546040534973,0.05555051192641258,0.08969534813489455,0.6528304939797417,0.4,10000,42,2026-02-04T11:19:06.408588,PB(T)K v1.0
PFNA,Linear,elim,59,0.1746540069580078,0.019003843888640404,0.33928513526916504,0.020821165293455124,0.29512858390808105,0.03636222705245018,0.016450762329830455,0.5272706383875511,0.4,10000,42,2026-02-04T11:19:06.408588,PB(T)K v1.0
PFNA,Linear,elim,60,0.12127542495727539,0.0009937286376953125,0.31624993681907654,0.0010766824707388878,0.27682122588157654,0.0268741175532341,0.0009184666985384619,0.47309230412288056,0.4,10000,42,2026-02-04T11:19:06.408588,PB(T)K v1.0
PFNA,Linear,elim,61,0.08372151851654053,4.100799560546875e-05,0.2975236475467682,4.227161480230279e-05,0.26150086522102356,0.021647680550813675,3.867992016051996e-05,0.4304174271276517,0.4,10000,42,2026-02-04T11:19:06.408588,PB(T)K v1.0
PFNA,Linear,elim,62,0.05793952941894531,1.9073486328125e-06,0.2808923125267029,1.589457156114804e-06,0.2485627382993698,0.01820169761776924,1.7934476984582718e-06,0.39271042850783144,0.4,10000,42,2026-02-04T11:19:06.408588,PB(T)K v1.0
PFNA,Linear,elim,63,0.03980064392089844,0.0,0.265985369682312,0.0,0.2373371720314026,0.01571381464600563,8.919384046547315e-07,0.36655431679101924,0.4,10000,42,2026-02-04T11:19:06.408588,PB(T)K v1.0
PFNA,Linear,elim,64,0.02722787857055664,0.0,0.2536621391773224,0.0,0.22722357511520386,0.013815664686262608,7.733490946021933e-07,0.3398001248705758,0.4,10000,42,2026-02-04T11:19:06.408588,PB(T)K v1.0
PFNA,Linear,elim,65,0.018482685089111328,0.0,0.2429991066455841,0.0,0.21788015961647034,0.012309356592595577,7.080879279324457e-07,0.3262270521954708,0.4,10000,42,2026-02-04T11:19:06.408588,PB(T)K v1.0
PFNA,Linear,elim,66,0.012516975402832031,0.0,0.23341535031795502,0.0,0.20943015813827515,0.011082864366471767,6.638678754917084e-07,0.31015989459479465,0.4,10000,42,2026-02-04T11:19:06.408588,PB(T)K v1.0
PFNA,Linear,elim,67,0.008441925048828125,0.0,0.22461335361003876,0.0,0.20153631269931793,0.010063000954687595,6.433340894261851e-07,0.2917732065779298,0.4,10000,42,2026-02-04T11:19:06.408588,PB(T)K v1.0
PFNA,Linear,elim,68,0.005694866180419922,0.0,0.2164796143770218,0.0,0.1944645494222641,0.009201368317008018,6.31183106889064e-07,0.27589663689391886,0.4,10000,42,2026-02-04T11:19:06.408588,PB(T)K v1.0
PFNA,Linear,elim,69,0.0038428306579589844,0.0,0.20893195271492004,0.0,0.18789523839950562,0.008463040925562382,6.083010265368966e-07,0.25964883706593006,0.4,10000,42,2026-02-04T11:19:06.408588,PB(T)K v1.0
PFNA,Linear,elim,70,0.002590656280517578,0.0,0.20191910862922668,0.0,0.18170581758022308,0.007821839302778244,6.057899447834572e-07,0.24946917553991924,0.4,10000,42,2026-02-04T11:19:06.408588,PB(T)K v1.0
PFNA,Linear,elim,71,0.0017533302307128906,0.0,0.19555585086345673,0.0,0.175885871052742,0.007261734921485186,5.862687673884803e-07,0.241953258633386,0.4,10000,42,2026-02-04T11:19:06.408588,PB(T)K v1.0
PFNA,Linear,elim,72,0.0011796951293945312,0.0,0.18945792317390442,0.0,0.17061933875083923,0.006768244784325361,5.754921099907398e-07,0.2331682048446164,0.4,10000,42,2026-02-04T11:19:06.408588,PB(T)K v1.0
PFNA,Linear,elim,73,0.0007944107055664062,0.0,0.1837274581193924,0.0,0.1657305657863617,0.00632981862872839,5.762951634716932e-07,0.2255786769786878,0.4,10000,42,2026-02-04T11:19:06.408588,PB(T)K v1.0
PFNA,Linear,elim,74,0.0005331039428710938,0.0,0.17844977974891663,0.0,0.16102656722068787,0.005936371628195047,5.672267932538055e-07,0.2146461061984805,0.4,10000,42,2026-02-04T11:19:06.408588,PB(T)K v1.0
PFNA,Linear,elim,75,0.00036144256591796875,0.0,0.17319993674755096,0.0,0.15638580918312073,0.005583634600043297,5.582650714266527e-07,0.20560475538978837,0.4,10000,42,2026-02-04T11:19:06.408588,PB(T)K v1.0
PFNA,Linear,elim,76,0.000244140625,0.0,0.16830849647521973,0.0,0.15215778350830078,0.005267091561108828,5.495281263986738e-07,0.20039257845958763,0.4,10000,42,2026-02-04T11:19:06.408588,PB(T)K v1.0
PFNA,Linear,elim,77,0.000164031982421875,0.0,0.1638445407152176,0.0,0.1484280377626419,0.004976361524313688,5.437255600609357e-07,0.19306905940759136,0.4,10000,42,2026-02-04T11:19:06.408588,PB(T)K v1.0
PFNA,Linear,elim,78,0.000110626220703125,0.0,0.159348264336586,0.0,0.14483888447284698,0.004711630754172802,5.440192702278703e-07,0.18847739931816207,0.4,10000,42,2026-02-04T11:19:06.408588,PB(T)K v1.0
PFNA,Linear,elim,79,7.43865966796875e-05,0.0,0.1553298681974411,0.0,0.14144887030124664,0.004469411447644234,5.518473989583806e-07,0.17993911691410366,0.4,10000,42,2026-02-04T11:19:06.408588,PB(T)K v1.0
PFNA,Linear,elim,80,4.9591064453125e-05,0.0,0.1513427495956421,0.0,0.1379784196615219,0.004246955271810293,5.317332633182515e-07,0.17563915076660266,0.4,10000,42,2026-02-04T11:19:06.408588,PB(T)K v1.0
PFNA,Linear,elim,81,3.4332275390625e-05,0.0,0.14755085110664368,0.0,0.13478080928325653,0.004042360465973616,5.414208973045974e-07,0.17385490226878594,0.4,10000,42,2026-02-04T11:19:06.408588,PB(T)K v1.0
PFNA,Linear,elim,82,2.288818359375e-05,0.0,0.1440150886774063,0.0,0.1315264105796814,0.003853120841085911,5.363744210310937e-07,0.16437502283368077,0.4,10000,42,2026-02-04T11:19:06.408588,PB(T)K v1.0
PFNA,Linear,elim,83,1.52587890625e-05,0.0,0.1405973732471466,0.0,0.12845367193222046,0.0036775278858840466,5.295299662086051e-07,0.15592628866423566,0.4,10000,42,2026-02-04T11:19:06.408588,PB(T)K v1.0
PFNA,Linear,elim,84,1.049041748046875e-05,0.0,0.13714313507080078,0.0,0.1256178468465805,0.0035139629617333412,5.217510953186459e-07,0.15498630455978654,0.4,10000,42,2026-02-04T11:19:06.408588,PB(T)K v1.0
PFNA,Linear,elim,85,7.62939453125e-06,0.0,0.13394834101200104,0.0,0.12287077307701111,0.0033614749554544687,5.276947726995559e-07,0.14983882281612892,0.4,10000,42,2026-02-04T11:19:06.408588,PB(T)K v1.0
PFNA,Linear,elim,86,4.76837158203125e-06,0.0,0.13107497990131378,0.0,0.12043845653533936,0.003219276899471879,5.247418736990628e-07,0.14437307345087708,0.4,10000,42,2026-02-04T11:19:06.408588,PB(T)K v1.0
PFNA,Linear,elim,87,3.814697265625e-06,0.0,0.12807637453079224,0.0,0.11793912947177887,0.003086435841396451,5.210468903350078e-07,0.14304265441690503,0.4,10000,42,2026-02-04T11:19:06.408588,PB(T)K v1.0
PFNA,Linear,elim,88,1.9073486328125e-06,0.0,0.1252710372209549,0.0,0.11543427407741547,0.002962482161819935,5.177820846475702e-07,0.13920174026310725,0.4,10000,42,2026-02-04T11:19:06.408588,PB(T)K v1.0
PFNA,Linear,elim,89,1.9073486328125e-06,0.0,0.12271790951490402,0.0,0.1130685806274414,0.002846634015440941,5.121465381054414e-07,0.13316399522948433,0.4,10000,42,2026-02-04T11:19:06.408588,PB(T)K v1.0
PFNA,Linear,elim,90,9.5367431640625e-07,0.0,0.12004034966230392,0.0,0.11062663048505783,0.0027374448254704475,5.172681754316322e-07,0.13143394220840995,0.4,10000,42,2026-02-04T11:19:06.408588,PB(T)K v1.0
PFNA,Linear,elim,91,0.0,0.0,0.11772571504116058,0.0,0.10856971144676208,0.0026347164530307055,5.207432004985965e-07,0.12866492708739338,0.4,10000,42,2026-02-04T11:19:06.408588,PB(T)K v1.0
PFNA,Linear,elim,92,0.0,0.0,0.11515507847070694,0.0,0.10655055195093155,0.002537877531722188,5.209038205390353e-07,0.12364860201416981,0.4,10000,42,2026-02-04T11:19:06.408588,PB(T)K v1.0
PFNA,Linear,elim,93,0.0,0.0,0.11285975575447083,0.0,0.1045687273144722,0.0024460270069539547,5.112120215547049e-07,0.12239947100937618,0.4,10000,42,2026-02-04T11:19:06.408588,PB(T)K v1.0
PFNA,Linear,elim,94,0.0,0.0,0.11047370731830597,0.0,0.10262539982795715,0.0023593443911522627,5.052546354371395e-07,0.11920136206593508,0.4,10000,42,2026-02-04T11:19:06.408588,PB(T)K v1.0
PFNA,Linear,elim,95,0.0,0.0,0.10838533937931061,0.0,0.1007818654179573,0.0022775314282625914,5.10225667923936e-07,0.1139461698913675,0.4,10000,42,2026-02-04T11:19:06.408588,PB(T)K v1.0
PFNA,Linear,elim,96,0.0,0.0,0.10639676451683044,0.0,0.09883372485637665,0.0021997629664838314,5.121506082648005e-07,0.11469647482233732,0.4,10000,42,2026-02-04T11:19:06.408588,PB(T)K v1.0
PFNA,Linear,elim,97,0.0,0.0,0.10429724305868149,0.0,0.09719978272914886,0.002125874627381563,5.043106154767239e-07,0.10956330446737132,0.4,10000,42,2026-02-04T11:19:06.408588,PB(T)K v1.0
PFNA,Linear,elim,98,0.0,0.0,0.10221674293279648,0.0,0.09586072713136673,0.00205587618984282,5.025439353499063e-07,0.10902593512108026,0.4,10000,42,2026-02-04T11:19:06.408588,PB(T)K v1.0
PFNA,Linear,elim,99,0.0,0.0,0.1000940352678299,0.0,0.09416306018829346,0.0019893725402653217,5.020618132411244e-07,0.10597993771383382,0.4,10000,42,2026-02-04T11:19:06.408588,PB(T)K v1.0
PFNA,Linear,elim,100,0.0,0.0,0.09807184338569641,0.0,0.09240230917930603,0.0019264583243057132,5.072196308295321e-07,0.10269855562201106,0.4,10000,42,2026-02-04T11:19:06.408588,PB(T)K v1.0
PFNA,Linear,elim,101,0.0,0.0,0.09624984860420227,0.0,0.0907120332121849,0.0018666593823581934,5.033252395950573e-07,0.10110971973914436,0.4,10000,42,2026-02-04T11:19:06.408588,PB(T)K v1.0
PFNA,Linear,elim,102,0.0,0.0,0.09452085942029953,0.0,0.08918958157300949,0.001809338922612369,5.017348334463351e-07,0.09851300182478819,0.4,10000,42,2026-02-04T11:19:06.408588,PB(T)K v1.0
PFNA,Linear,elim,103,0.0,0.0,0.09284849464893341,0.0,0.08774503320455551,0.001754859695211053,4.979713706698776e-07,0.09585005233591071,0.4,10000,42,2026-02-04T11:19:06.408588,PB(T)K v1.0
PFNA,Linear,elim,104,0.0,0.0,0.09119504690170288,0.0,0.08638456463813782,0.0017024688422679901,5.004556704736429e-07,0.09536323536324363,0.4,10000,42,2026-02-04T11:19:06.408588,PB(T)K v1.0
PFNA,Linear,elim,105,0.0,0.0,0.08944570273160934,0.0,0.08500944823026657,0.0016526113031432033,4.932695109331004e-07,0.09200717388202999,0.4,10000,42,2026-02-04T11:19:06.408588,PB(T)K v1.0
PFNA,Linear,elim,106,0.0,0.0,0.08793756365776062,0.0,0.08373653143644333,0.0016052961582317948,5.004844999635492e-07,0.08927959093067891,0.4,10000,42,2026-02-04T11:19:06.408588,PB(T)K v1.0
PFNA,Linear,elim,107,0.0,0.0,0.08651253581047058,0.0,0.08241767436265945,0.0015600742772221565,5.016398113131713e-07,0.08753421346611179,0.4,10000,42,2026-02-04T11:19:06.408588,PB(T)K v1.0
PFNA,Linear,elim,108,0.0,0.0,0.0847703218460083,0.0,0.08113525807857513,0.001516734599135816,4.972730957513916e-07,0.0878406009063924,0.4,10000,42,2026-02-04T11:19:06.408588,PB(T)K v1.0
PFNA,Linear,elim,109,0.0,0.0,0.08320492506027222,0.0,0.07975784689188004,0.0014750321861356497,4.969322264639042e-07,0.08501022459260377,0.4,10000,42,2026-02-04T11:19:06.408588,PB(T)K v1.0
PFNA,Linear,elim,110,0.0,0.0,0.08155213296413422,0.0,0.07870440185070038,0.0014346602838486433,4.974062377328251e-07,0.08175463723603228,0.4,10000,42,2026-02-04T11:19:06.408588,PB(T)K v1.0
PFNA,Linear,elim,111,0.0,0.0,0.08018718659877777,0.0,0.07753030955791473,0.0013962530065327883,4.98580247188134e-07,0.08308590131752348,0.4,10000,42,2026-02-04T11:19:06.408588,PB(T)K v1.0
PFNA,Linear,elim,112,0.0,0.0,0.07872691750526428,0.0,0.07645255327224731,0.001359652611427009,5.00008762817437e-07,0.08117327860296251,0.4,10000,42,2026-02-04T11:19:06.408588,PB(T)K v1.0
PFNA,Linear,elim,113,0.0,0.0,0.07711672782897949,0.0,0.0752439945936203,0.0013244497822597623,4.946606493846555e-07,0.07750876606810718,0.4,10000,42,2026-02-04T11:19:06.408588,PB(T)K v1.0
PFNA,Linear,elim,114,0.0,0.0,0.0755939930677414,0.0,0.07393819093704224,0.0012907335767522454,4.945761339282494e-07,0.07738332624630713,0.4,10000,42,2026-02-04T11:19:06.408588,PB(T)K v1.0
PFNA,Linear,elim,115,0.0,0.0,0.07411585003137589,0.0,0.07276267558336258,0.001257939264178276,4.872904555457028e-07,0.07533660048090282,0.4,10000,42,2026-02-04T11:19:06.408588,PB(T)K v1.0
PFNA,Linear,elim,116,0.0,0.0,0.07278002053499222,0.0,0.07164069265127182,0.0012263982789590955,4.887331044158668e-07,0.07380034230726153,0.4,10000,42,2026-02-04T11:19:06.408588,PB(T)K v1.0
PFNA,Linear,elim,117,0.0,0.0,0.07133840024471283,0.0,0.0705089122056961,0.0011961035197600722,4.922615185454773e-07,0.07405910163446328,0.4,10000,42,2026-02-04T11:19:06.408588,PB(T)K v1.0
PFNA,Linear,elim,118,0.0,0.0,0.07002485543489456,0.0,0.06968986988067627,0.001166965113952756,4.939474093030741e-07,0.07163270373605907,0.4,10000,42,2026-02-04T11:19:06.408588,PB(T)K v1.0
PFNA,Linear,elim,119,0.0,0.0,0.06870926916599274,0.0,0.06881797313690186,0.0011388130951672792,4.889569987693932e-07,0.07102702235971553,0.4,10000,42,2026-02-04T11:19:06.408588,PB(T)K v1.0
PFNA,Linear,elim,120,0.0,0.0,0.06735831499099731,0.0,0.06789487600326538,0.001111831166781485,4.901948874064392e-07,0.06840595434338356,0.4,10000,42,2026-02-04T11:19:06.408588,PB(T)K v1.0
PFNA,Linear,elim,121,0.0,0.0,0.06614513695240021,0.0,0.06702068448066711,0.001085727009922266,4.897746417872112e-07,0.06776709243146158,0.4,10000,42,2026-02-04T11:19:06.408588,PB(T)K v1.0
PFNA,Linear,elim,122,0.0,0.0,0.06490936875343323,0.0,0.06591688096523285,0.0010605633724480867,4.83641406831691e-07,0.06690935796901618,0.4,10000,42,2026-02-04T11:19:06.408588,PB(T)K v1.0
PFNA,Linear,elim,123,0.0,0.0,0.06359890103340149,0.0,0.06492708623409271,0.0010362636530771852,4.935253797643947e-07,0.06607786453397303,0.4,10000,42,2026-02-04T11:19:06.408588,PB(T)K v1.0
PFNA,Linear,elim,124,0.0,0.0,0.06272204965353012,0.0,0.06417468935251236,0.001012830063700676,4.889949115861165e-07,0.06542030189809603,0.4,10000,42,2026-02-04T11:19:06.408588,PB(T)K v1.0
PFNA,Linear,elim,125,0.0,0.0,0.06168103218078613,0.0,0.06342532485723495,0.0009901594603434205,4.852434982282249e-07,0.06447313320491456,0.4,10000,42,2026-02-04T11:19:06.408588,PB(T)K v1.0
PFNA,Linear,elim,126,0.0,0.0,0.060528285801410675,0.0,0.06246984750032425,0.0009682398522272706,4.909847184211586e-07,0.0630064105795626,0.4,10000,42,2026-02-04T11:19:06.408588,PB(T)K v1.0
PFNA,Linear,elim,127,0.0,0.0,0.059913575649261475,0.0,0.061640940606594086,0.0009470288059674203,4.892289300419361e-07,0.06212888114198518,0.4,10000,42,2026-02-04T11:19:06.408588,PB(T)K v1.0
PFNA,Linear,elim,128,0.0,0.0,0.058987244963645935,0.0,0.060629867017269135,0.0009264937252737582,4.861843015418943e-07,0.059972437511478655,0.4,10000,42,2026-02-04T11:19:06.408588,PB(T)K v1.0
PFNA,Linear,elim,129,0.0,0.0,0.0579916387796402,0.0,0.05962759628891945,0.0009066115599125624,4.863952606628003e-07,0.05837452291072032,0.4,10000,42,2026-02-04T11:19:06.408588,PB(T)K v1.0
PFNA,Linear,elim,130,0.0,0.0,0.056950196623802185,0.0,0.058642588555812836,0.0008873558253981173,4.90466614051845e-07,0.058448960872074456,0.4,10000,42,2026-02-04T11:19:06.408588,PB(T)K v1.0
PFNA,Linear,elim,131,0.0,0.0,0.05617104843258858,0.0,0.05767352879047394,0.0008686986984685063,4.889683284501694e-07,0.056465869415495695,0.4,10000,42,2026-02-04T11:19:06.408588,PB(T)K v1.0
PFNA,Linear,elim,132,0.0,0.0,0.055324941873550415,0.0,0.05675213783979416,0.0008506123558618128,4.840624874142072e-07,0.05656025281977839,0.4,10000,42,2026-02-04T11:19:06.408588,PB(T)K v1.0
PFNA,Linear,elim,133,0.0,0.0,0.05451789125800133,0.0,0.05581855773925781,0.0008331543649546802,4.820673362659961e-07,0.05665854830960883,0.4,10000,42,2026-02-04T11:19:06.408588,PB(T)K v1.0
PFNA,Linear,elim,134,0.0,0.0,0.05358126759529114,0.0,0.055123843252658844,0.0008161293808370829,4.920182760436754e-07,0.0559000088283002,0.4,10000,42,2026-02-04T11:19:06.408588,PB(T)K v1.0
PFNA,Linear,elim,135,0.0,0.0,0.05284186452627182,0.0,0.05451251566410065,0.0007996921194717288,4.834308415515881e-07,0.05509431258740401,0.4,10000,42,2026-02-04T11:19:06.408588,PB(T)K v1.0
PFNA,Linear,elim,136,0.0,0.0,0.05206500366330147,0.0,0.053832557052373886,0.0007837307639420033,4.873119256373949e-07,0.05345244789636608,0.4,10000,42,2026-02-04T11:19:06.408588,PB(T)K v1.0
PFNA,Linear,elim,137,0.0,0.0,0.0511334128677845,0.0,0.05308632180094719,0.0007682298310101032,4.835771959107637e-07,0.05201017609518785,0.4,10000,42,2026-02-04T11:19:06.408588,PB(T)K v1.0
PFNA,Linear,elim,138,0.0,0.0,0.050213247537612915,0.0,0.052404362708330154,0.0007531768060289323,4.858254957585424e-07,0.051630003780903995,0.4,10000,42,2026-02-04T11:19:06.408588,PB(T)K v1.0
PFNA,Linear,elim,139,0.0,0.0,0.049434758722782135,0.0,0.05168048292398453,0.0007385516073554754,4.823482276519853e-07,0.05078418715104309,0.4,10000,42,2026-02-04T11:19:06.408588,PB(T)K v1.0
PFNA,Linear,elim,140,0.0,0.0,0.04862790182232857,0.0,0.0510847233235836,0.0007243395666591823,4.816860480619946e-07,0.049601395476349536,0.4,10000,42,2026-02-04T11:19:06.408588,PB(T)K v1.0
