Compound,Isomer,Compartment,Time,Pred_Median,CI_Lower,CI_Upper,Param_CI_Lower,Param_CI_Upper,Animal_Variation,CI_Observation_Lower,CI_Observation_Upper,Sigma,Var_param_log,Var_animal_log,Var_obs_log,Var_total_log,MC_Samples,MC_Seed,MC_Date,Model_Version
PFTrDA,Branched,milk,0,0.0,0.0,0.0,0.0,0.0,0.0,3.2998330932306025e-07,3.033472283467082e-06,0.5701098492085426,1.6160933000719524e-06,0.0,0.32502524016458717,0.32502683997154236,10000,42,2026-02-16T12:45:04.415487,PB(T)K v1.0
PFTrDA,Branched,milk,1,0.0007942833472043276,0.00040691261528991163,0.0014488347806036472,0.0004866681410931051,0.0013049000408500433,0.00016551131557207555,0.00021206896808233014,0.002816771195758966,0.5701098492085426,0.06462429463863373,0.06666366010904312,0.32502524016458717,0.45631319284439087,10000,42,2026-02-16T12:45:04.415487,PB(T)K v1.0
PFTrDA,Branched,milk,2,0.0051340400241315365,0.0023142346180975437,0.010473759844899178,0.003079865826293826,0.008933888748288155,0.0015092375688254833,0.0012961919750138255,0.01964002935886058,0.5701098492085426,0.07503439486026764,0.12772798538208008,0.32502524016458717,0.5277876257896423,10000,42,2026-02-16T12:45:04.415487,PB(T)K v1.0
PFTrDA,Branched,milk,3,0.005550533067435026,0.0023115109652280807,0.0114174485206604,0.0033116291742771864,0.009599154815077782,0.0017657779389992356,0.0013244731520552257,0.02122483896394313,0.5701098492085426,0.07531985640525818,0.16285236179828644,0.32502524016458717,0.5631974339485168,10000,42,2026-02-16T12:45:04.415487,PB(T)K v1.0
PFTrDA,Branched,milk,4,0.0067253196612000465,0.002541807945817709,0.013907830230891705,0.003993707243353128,0.011416256427764893,0.0023730217944830656,0.001446497255449445,0.02563085105300994,0.5701098492085426,0.07257954776287079,0.22039155662059784,0.32502524016458717,0.617996335029602,10000,42,2026-02-16T12:45:04.415487,PB(T)K v1.0
PFTrDA,Branched,milk,5,0.007734780199825764,0.0031176607590168715,0.02080356515944004,0.005255859345197678,0.01480764802545309,0.004152885638177395,0.0017923232839163006,0.03701911674376087,0.5701098492085426,0.07023020088672638,0.3229505717754364,0.32502524016458717,0.7182060480117798,10000,42,2026-02-16T12:45:04.415487,PB(T)K v1.0
PFTrDA,Branched,milk,6,0.008378739468753338,0.0024259998463094234,0.018429594114422798,0.004964233376085758,0.013737225905060768,0.0038222901057451963,0.0014335576762247938,0.03401955576318818,0.5701098492085426,0.06852258741855621,0.42593222856521606,0.32502524016458717,0.8194800615310669,10000,42,2026-02-16T12:45:04.415487,PB(T)K v1.0
PFTrDA,Branched,milk,7,0.010703343898057938,0.0035888012498617172,0.029374416917562485,0.007246106863021851,0.01996954344213009,0.006391013972461224,0.002069424017551682,0.05115921192065934,0.5701098492085426,0.06707003712654114,0.4590895473957062,0.32502524016458717,0.8511848449707031,10000,42,2026-02-16T12:45:04.415487,PB(T)K v1.0
PFTrDA,Branched,milk,8,0.008121996186673641,0.0037295185029506683,0.023352591320872307,0.0059026023373007774,0.01615777425467968,0.004721913021057844,0.001998721682837617,0.04066376588220822,0.5701098492085426,0.0662301555275917,0.3063208758831024,0.32502524016458717,0.6975762844085693,10000,42,2026-02-16T12:45:04.415487,PB(T)K v1.0
PFTrDA,Branched,milk,9,0.009261064231395721,0.003508975263684988,0.023021314293146133,0.00610610656440258,0.01659756898880005,0.004622638691216707,0.0019660546945921625,0.040837923018182246,0.5701098492085426,0.06498560309410095,0.32966771721839905,0.32502524016458717,0.719678521156311,10000,42,2026-02-16T12:45:04.415487,PB(T)K v1.0
PFTrDA,Branched,milk,10,0.011307554319500923,0.004469758830964565,0.020953606814146042,0.006692416965961456,0.018118172883987427,0.0033564772456884384,0.002533739168561712,0.04057796912210155,0.5701098492085426,0.06512242555618286,0.17517149448394775,0.32502524016458717,0.5653191804885864,10000,42,2026-02-16T12:45:04.415487,PB(T)K v1.0
PFTrDA,Branched,milk,11,0.012792255729436874,0.005325365345925093,0.024927224963903427,0.007755787577480078,0.021069951355457306,0.003953493665903807,0.0029578743765359813,0.047650151754934866,0.5701098492085426,0.06554309278726578,0.16607649624347687,0.32502524016458717,0.5566447973251343,10000,42,2026-02-16T12:45:04.415487,PB(T)K v1.0
PFTrDA,Branched,milk,12,0.013869944959878922,0.0059850760735571384,0.026012299582362175,0.008365197107195854,0.022681279107928276,0.0038424553349614143,0.003413598028303083,0.05101010858638418,0.5701098492085426,0.06544557958841324,0.13708600401878357,0.32502524016458717,0.5275567770004272,10000,42,2026-02-16T12:45:04.415487,PB(T)K v1.0
PFTrDA,Branched,milk,13,0.013665578328073025,0.006574242375791073,0.025899814441800117,0.008401752449572086,0.022737540304660797,0.0034258197993040085,0.00364461932332398,0.049861105439131366,0.5701098492085426,0.06514622271060944,0.09762145578861237,0.32502524016458717,0.4877929091453552,10000,42,2026-02-16T12:45:04.415487,PB(T)K v1.0
PFTrDA,Branched,milk,14,0.016262829303741455,0.007976515218615532,0.02966785617172718,0.009912941604852676,0.02677963487803936,0.003606794634833932,0.004242390156542754,0.05910845601185449,0.5701098492085426,0.06475569307804108,0.08061227947473526,0.32502524016458717,0.47039321064949036,10000,42,2026-02-16T12:45:04.415487,PB(T)K v1.0
PFTrDA,Branched,milk,15,0.014944609254598618,0.007473602890968323,0.03030349686741829,0.00943036936223507,0.02554057538509369,0.00429683830589056,0.003951403647710341,0.05646923466385276,0.5701098492085426,0.06452187895774841,0.10865468531847,0.32502524016458717,0.49820178747177124,10000,42,2026-02-16T12:45:04.415487,PB(T)K v1.0
PFTrDA,Branched,milk,16,0.015481840819120407,0.00675160763785243,0.028462322428822517,0.009294403716921806,0.02514473721385002,0.004115416668355465,0.0037006797258990814,0.056428647383537055,0.5701098492085426,0.06429684162139893,0.13005173206329346,0.32502524016458717,0.5193737745285034,10000,42,2026-02-16T12:45:04.415487,PB(T)K v1.0
PFTrDA,Branched,milk,17,0.015497476793825626,0.006839168258011341,0.030363241210579872,0.009546695277094841,0.025717012584209442,0.004675209056586027,0.003827682454395412,0.057655339129704136,0.5701098492085426,0.06405146420001984,0.14766183495521545,0.32502524016458717,0.5367385149002075,10000,42,2026-02-16T12:45:04.415487,PB(T)K v1.0
PFTrDA,Branched,milk,18,0.015736915171146393,0.009036513045430183,0.028442110866308212,0.00973010715097189,0.02615959942340851,0.0026031844317913055,0.004482866061564556,0.056226342472629816,0.5701098492085426,0.06381496787071228,0.034155119210481644,0.32502524016458717,0.42299532890319824,10000,42,2026-02-16T12:45:04.415487,PB(T)K v1.0
PFTrDA,Branched,milk,19,0.0160975344479084,0.007928231731057167,0.029513606801629066,0.009844410233199596,0.026437902823090553,0.003661530325189233,0.004246924071172993,0.057907441555096056,0.5701098492085426,0.06371833384037018,0.08378622680902481,0.32502524016458717,0.472529798746109,10000,42,2026-02-16T12:45:04.415487,PB(T)K v1.0
PFTrDA,Branched,milk,20,0.015107515268027782,0.007112664170563221,0.033822525292634964,0.009883863851428032,0.02648688666522503,0.005714524071663618,0.0039037240382740162,0.061424953006528595,0.5701098492085426,0.0636277124285698,0.17527486383914948,0.32502524016458717,0.5639277696609497,10000,42,2026-02-16T12:45:04.415487,PB(T)K v1.0
PFTrDA,Branched,milk,21,0.016291331499814987,0.00899821612983942,0.028316615149378777,0.009956962428987026,0.02667575143277645,0.0024833278730511665,0.004596700019405267,0.05572796108189885,0.5701098492085426,0.0635203868150711,0.03604111447930336,0.32502524016458717,0.4245867133140564,10000,42,2026-02-16T12:45:04.415487,PB(T)K v1.0
PFTrDA,Branched,milk,22,0.0194900743663311,0.008132241666316986,0.03959980234503746,0.012039399705827236,0.03227030113339424,0.006662112195044756,0.004561983327713125,0.07366329717144388,0.5701098492085426,0.06346943229436874,0.18912069499492645,0.32502524016458717,0.5776153802871704,10000,42,2026-02-16T12:45:04.415487,PB(T)K v1.0
PFTrDA,Branched,milk,23,0.014140178449451923,0.0072373864240944386,0.025879982858896255,0.008682102896273136,0.023307133466005325,0.003037951188161969,0.003775023151594988,0.05126877609343381,0.5701098492085426,0.06354845315217972,0.07147879898548126,0.32502524016458717,0.460052490234375,10000,42,2026-02-16T12:45:04.415487,PB(T)K v1.0
PFTrDA,Branched,milk,24,0.019354719668626785,0.009174229577183723,0.03712999075651169,0.011953474953770638,0.032036323100328445,0.005215642973780632,0.004998490510191845,0.07004860320809865,0.5701098492085426,0.06341679394245148,0.11302419751882553,0.32502524016458717,0.5014662146568298,10000,42,2026-02-16T12:45:04.415487,PB(T)K v1.0
PFTrDA,Branched,milk,25,0.015569580718874931,0.008187833242118359,0.027372896671295166,0.009501628577709198,0.025415007025003433,0.00279140193015337,0.0042275266712959655,0.055252830023671436,0.5701098492085426,0.06349636614322662,0.052387554198503494,0.32502524016458717,0.44090914726257324,10000,42,2026-02-16T12:45:04.415487,PB(T)K v1.0
PFTrDA,Branched,milk,26,0.0153659014031291,0.007345952093601227,0.035893216729164124,0.010259270668029785,0.027477141469717026,0.006251964718103409,0.003982482694427435,0.06452647527810176,0.5701098492085426,0.06346512585878372,0.1882498860359192,0.32502524016458717,0.5767402648925781,10000,42,2026-02-16T12:45:04.415487,PB(T)K v1.0
PFTrDA,Branched,milk,27,0.016823522746562958,0.009235388599336147,0.02997579611837864,0.01034627016633749,0.02774098329246044,0.002909209346398711,0.004709901954121402,0.058108796668174645,0.5701098492085426,0.06341450661420822,0.04342317581176758,0.32502524016458717,0.4318629205226898,10000,42,2026-02-16T12:45:04.415487,PB(T)K v1.0
PFTrDA,Branched,milk,28,0.01733366586267948,0.008381199091672897,0.035336777567863464,0.010960827581584454,0.029401449486613274,0.005296769551932812,0.004459708141657349,0.06543900724793619,0.5701098492085426,0.06343239545822144,0.12712734937667847,0.32502524016458717,0.5155849456787109,10000,42,2026-02-16T12:45:04.415487,PB(T)K v1.0
PFTrDA,Branched,milk,29,0.016093965619802475,0.00749799283221364,0.030050795525312424,0.0098224813118577,0.02637820690870285,0.004127237480133772,0.004092430219911199,0.05878296384006914,0.5701098492085426,0.06348543614149094,0.10984695702791214,0.32502524016458717,0.4983576238155365,10000,42,2026-02-16T12:45:04.415487,PB(T)K v1.0
PFTrDA,Branched,milk,30,0.01507079042494297,0.008971776813268661,0.025368891656398773,0.009193968027830124,0.024677693843841553,0.0013003095518797636,0.0044120608561917535,0.051549398490440775,0.5701098492085426,0.06345140188932419,0.010255650617182255,0.32502524016458717,0.3987322747707367,10000,42,2026-02-16T12:45:04.415487,PB(T)K v1.0
PFTrDA,Branched,milk,31,0.015972349792718887,0.007574127987027168,0.029540469869971275,0.009753221645951271,0.026172203943133354,0.003914420492947102,0.004120085505023874,0.05695811187811861,0.5701098492085426,0.06340166926383972,0.10010362416505814,0.32502524016458717,0.4885305166244507,10000,42,2026-02-16T12:45:04.415487,PB(T)K v1.0
PFTrDA,Branched,milk,32,0.01634030044078827,0.00848541222512722,0.029435886070132256,0.010019233450293541,0.026866983622312546,0.003237080294638872,0.00439162680816783,0.058192951646601085,0.5701098492085426,0.06334817409515381,0.06151098012924194,0.32502524016458717,0.4498843848705292,10000,42,2026-02-16T12:45:04.415487,PB(T)K v1.0
PFTrDA,Branched,milk,33,0.016325555741786957,0.008509316481649876,0.02927396632730961,0.010003297589719296,0.026837868615984917,0.0031702863052487373,0.004419417556213685,0.05818955421337298,0.5701098492085426,0.06333687901496887,0.0592961348593235,0.32502524016458717,0.4476582407951355,10000,42,2026-02-16T12:45:04.415487,PB(T)K v1.0
PFTrDA,Branched,milk,34,0.015413615852594376,0.008413898758590221,0.028317507356405258,0.009555124677717686,0.025647329166531563,0.003047312842682004,0.004296448905495336,0.05447057953521313,0.5701098492085426,0.063336580991745,0.053276512771844864,0.32502524016458717,0.441638320684433,10000,42,2026-02-16T12:45:04.415487,PB(T)K v1.0
PFTrDA,Branched,milk,35,0.016319356858730316,0.00853908434510231,0.029062343761324883,0.009981377050280571,0.026782896369695663,0.0030767936259508133,0.004531936891205417,0.05892651073047897,0.5701098492085426,0.06330016255378723,0.056388817727565765,0.32502524016458717,0.444714218378067,10000,42,2026-02-16T12:45:04.415487,PB(T)K v1.0
PFTrDA,Branched,milk,36,0.015745237469673157,0.008527307771146297,0.027399186044931412,0.00961380172520876,0.025790758430957794,0.002543097361922264,0.004405045823343601,0.05608780932164306,0.5701098492085426,0.06329174339771271,0.04160783812403679,0.32502524016458717,0.4299248158931732,10000,42,2026-02-16T12:45:04.415487,PB(T)K v1.0
PFTrDA,Branched,milk,37,0.018029091879725456,0.00862492248415947,0.03334193304181099,0.011052805930376053,0.02951340191066265,0.0044057550840079784,0.004716403516775984,0.06513203671027656,0.5701098492085426,0.0628175139427185,0.09834156930446625,0.32502524016458717,0.486184298992157,10000,42,2026-02-16T12:45:04.415487,PB(T)K v1.0
PFTrDA,Branched,milk,38,0.017797525972127914,0.010529681108891964,0.03002014569938183,0.010937829501926899,0.028999878093600273,0.0017472318140789866,0.005139009415844045,0.059452147142797264,0.5701098492085426,0.06262224912643433,0.013518023304641247,0.32502524016458717,0.4011654853820801,10000,42,2026-02-16T12:45:04.415487,PB(T)K v1.0
PFTrDA,Branched,milk,39,0.019546128809452057,0.010283853858709335,0.038137227296829224,0.01233100239187479,0.032838124781847,0.004923312924802303,0.005277777296314388,0.07109709536517797,0.5701098492085426,0.06289268285036087,0.08310706913471222,0.32502524016458717,0.4710249900817871,10000,42,2026-02-16T12:45:04.415487,PB(T)K v1.0
PFTrDA,Branched,milk,40,0.018533824011683464,0.010535397566854954,0.0329967737197876,0.011433280073106289,0.030571620911359787,0.0029776454903185368,0.005290332288934429,0.06441420902817822,0.5701098492085426,0.06311488151550293,0.03434944897890091,0.32502524016458717,0.42248955368995667,10000,42,2026-02-16T12:45:04.415487,PB(T)K v1.0
PFTrDA,Branched,milk,41,0.020261190831661224,0.011650878936052322,0.03640618920326233,0.01254029106348753,0.03356153890490532,0.0033155283890664577,0.005677192936072816,0.07176845502968826,0.5701098492085426,0.06317343562841415,0.033816806972026825,0.32502524016458717,0.4220154881477356,10000,42,2026-02-16T12:45:04.415487,PB(T)K v1.0
PFTrDA,Branched,milk,42,0.02099131979048252,0.01154283806681633,0.042636942118406296,0.013433495536446571,0.03595053032040596,0.0056311869993805885,0.00585361517859837,0.08129225564199527,0.5701098492085426,0.06322424858808517,0.08200138807296753,0.32502524016458717,0.4702508747577667,10000,42,2026-02-16T12:45:04.415487,PB(T)K v1.0
PFTrDA,Branched,milk,43,0.01966286636888981,0.011142059229314327,0.03750096261501312,0.012357058003544807,0.03310701623558998,0.0041860174387693405,0.005505111196813057,0.07259305865899912,0.5701098492085426,0.06328360736370087,0.05382569506764412,0.32502524016458717,0.4421345293521881,10000,42,2026-02-16T12:45:04.415487,PB(T)K v1.0
PFTrDA,Branched,milk,44,0.02075839787721634,0.011296477168798447,0.048239566385746,0.014029189944267273,0.037471916526556015,0.0077555519528687,0.005708859695183714,0.08653937744734096,0.5701098492085426,0.06350573897361755,0.1378018856048584,0.32502524016458717,0.5263328552246094,10000,42,2026-02-16T12:45:04.415487,PB(T)K v1.0
PFTrDA,Branched,milk,45,0.01989881880581379,0.011071684770286083,0.03979356586933136,0.012657932937145233,0.034034691751003265,0.005033097695559263,0.005678242348757835,0.07553344817913302,0.5701098492085426,0.06373219192028046,0.07292038947343826,0.32502524016458717,0.46167781949043274,10000,42,2026-02-16T12:45:04.415487,PB(T)K v1.0
PFTrDA,Branched,milk,46,0.02025764063000679,0.011155633255839348,0.04286643862724304,0.013127481564879417,0.03535856679081917,0.006023079622536898,0.005664593685249846,0.07955497918900889,0.5701098492085426,0.06369958817958832,0.09543614834547043,0.32502524016458717,0.4841609597206116,10000,42,2026-02-16T12:45:04.415487,PB(T)K v1.0
PFTrDA,Branched,milk,47,0.016459885984659195,0.009686371311545372,0.02764231525361538,0.00999221671372652,0.02697966992855072,0.0014912046026438475,0.004801247179912472,0.0563872710987058,0.5701098492085426,0.06378388404846191,0.012130334973335266,0.32502524016458717,0.4009394645690918,10000,42,2026-02-16T12:45:04.415487,PB(T)K v1.0
PFTrDA,Branched,milk,48,0.018526989966630936,0.009536083787679672,0.052859656512737274,0.013698102906346321,0.036994919180870056,0.010412226431071758,0.004975455076744806,0.09103104546904298,0.5701098492085426,0.06369679421186447,0.26038089394569397,0.32502524016458717,0.6491029262542725,10000,42,2026-02-16T12:45:04.415487,PB(T)K v1.0
PFTrDA,Branched,milk,49,0.017033135518431664,0.010152852162718773,0.028506064787507057,0.010337644256651402,0.027954304590821266,0.0013211588375270367,0.0050020294298609895,0.05839502072402168,0.5701098492085426,0.06378748267889023,0.008484707213938236,0.32502524016458717,0.3972974121570587,10000,42,2026-02-16T12:45:04.415487,PB(T)K v1.0
PFTrDA,Branched,milk,50,0.016179213300347328,0.007176637649536133,0.031780391931533813,0.00994126033037901,0.026880059391260147,0.004869124852120876,0.003960677689209395,0.06003730599137308,0.5701098492085426,0.06378403306007385,0.14520283043384552,0.32502524016458717,0.5340120792388916,10000,42,2026-02-16T12:45:04.415487,PB(T)K v1.0
PFTrDA,Branched,milk,51,0.01588461361825466,0.008749614469707012,0.03088276833295822,0.009959633462131023,0.026936333626508713,0.003690713085234165,0.0044961482881000926,0.05764030583949467,0.5701098492085426,0.06365866959095001,0.06561967730522156,0.32502524016458717,0.4543035626411438,10000,42,2026-02-16T12:45:04.415487,PB(T)K v1.0
PFTrDA,Branched,milk,52,0.017286567017436028,0.00975644402205944,0.030758105218410492,0.01061409804970026,0.028642749413847923,0.002794291591271758,0.004984666106651789,0.06155953362146911,0.5701098492085426,0.06356139481067657,0.03556124120950699,0.32502524016458717,0.4241478741168976,10000,42,2026-02-16T12:45:04.415487,PB(T)K v1.0
PFTrDA,Branched,milk,53,0.01662146858870983,0.008752007968723774,0.03030090406537056,0.010208112187683582,0.02753850445151329,0.0033659867476671934,0.0045271348343223035,0.059792394030985976,0.5701098492085426,0.06355530023574829,0.060636408627033234,0.32502524016458717,0.44921693205833435,10000,42,2026-02-16T12:45:04.415487,PB(T)K v1.0
PFTrDA,Branched,milk,54,0.016090834513306618,0.007748384494334459,0.029471831396222115,0.009782862849533558,0.02637588605284691,0.003754883538931608,0.004248339275007671,0.05681564090821692,0.5701098492085426,0.06352823972702026,0.09031131863594055,0.32502524016458717,0.47886478900909424,10000,42,2026-02-16T12:45:04.415487,PB(T)K v1.0
PFTrDA,Branched,milk,55,0.015589075163006783,0.0085300263017416,0.029129408299922943,0.009675739333033562,0.0260736383497715,0.003237023949623108,0.004374745980767451,0.05681881635962074,0.5701098492085426,0.06344132125377655,0.05672941356897354,0.32502524016458717,0.4451959729194641,10000,42,2026-02-16T12:45:04.415487,PB(T)K v1.0
PFTrDA,Branched,milk,56,0.0161636620759964,0.007776349782943726,0.02968480810523033,0.009847820736467838,0.026493405923247337,0.003801054088398814,0.0041874095821173435,0.058122770690794516,0.5701098492085426,0.06336308270692825,0.09165512025356293,0.32502524016458717,0.4800434410572052,10000,42,2026-02-16T12:45:04.415487,PB(T)K v1.0
PFTrDA,Branched,milk,57,0.017646556720137596,0.009421061724424362,0.03396741300821304,0.011048194020986557,0.029702458530664444,0.0041901771910488605,0.004876264845364695,0.06511400538363861,0.5701098492085426,0.06328663229942322,0.07301722466945648,0.32502524016458717,0.4613291025161743,10000,42,2026-02-16T12:45:04.415487,PB(T)K v1.0
PFTrDA,Branched,milk,58,0.015553613193333149,0.007324064616113901,0.030521903187036514,0.009597164578735828,0.02612142637372017,0.004376793280243874,0.003987782210057391,0.0576939391598461,0.5701098492085426,0.06471414864063263,0.11875946074724197,0.32502524016458717,0.5084988474845886,10000,42,2026-02-16T12:45:04.415487,PB(T)K v1.0
PFTrDA,Branched,milk,59,0.0111688282340765,0.005469669122248888,0.02034267596900463,0.006650210358202457,0.018683023750782013,0.002325467998161912,0.0029305288559140904,0.03997623460392638,0.5701098492085426,0.0682794600725174,0.07282130420207977,0.32502524016458717,0.4661259949207306,10000,42,2026-02-16T12:45:04.415487,PB(T)K v1.0
PFTrDA,Branched,milk,60,0.009613491594791412,0.005406721029430628,0.016747966408729553,0.005594776477664709,0.016354121267795563,0.000923695566598326,0.0027217155936002774,0.03339693614933927,0.5701098492085426,0.07343419641256332,0.01349620334804058,0.32502524016458717,0.4119556248188019,10000,42,2026-02-16T12:45:04.415487,PB(T)K v1.0
PFTrDA,Branched,milk,61,0.0073326872661709785,0.003851897781714797,0.014521880075335503,0.004217590671032667,0.013098013587296009,0.0015008243499323726,0.0020224866758522045,0.0269525477916306,0.5701098492085426,0.08168201148509979,0.04992225766181946,0.32502524016458717,0.45662951469421387,10000,42,2026-02-16T12:45:04.415487,PB(T)K v1.0
PFTrDA,Branched,milk,62,0.005933085456490517,0.0029348162934184074,0.0112899886444211,0.0032133108470588923,0.010627197101712227,0.0009459122666157782,0.001585601525561641,0.021528895008730894,0.5701098492085426,0.09305542707443237,0.037752218544483185,0.32502524016458717,0.4558328688144684,10000,42,2026-02-16T12:45:04.415487,PB(T)K v1.0
PFTrDA,Branched,milk,63,0.004827669821679592,0.0022334447130560875,0.009689594618976116,0.0024833930656313896,0.008973765186965466,0.0008921537664718926,0.0012407977341200866,0.017921601768126044,0.5701098492085426,0.10750215500593185,0.049551188945770264,0.32502524016458717,0.48207858204841614,10000,42,2026-02-16T12:45:04.415487,PB(T)K v1.0
PFTrDA,Branched,milk,64,0.003482821863144636,0.0015409092884510756,0.007753357291221619,0.001725277048535645,0.006872268859297037,0.0008461747202090919,0.0008688193628762956,0.013897816785040906,0.5701098492085426,0.125074103474617,0.06835159659385681,0.32502524016458717,0.518450915813446,10000,42,2026-02-16T12:45:04.415487,PB(T)K v1.0
PFTrDA,Branched,milk,65,0.0030895844101905823,0.0012658205814659595,0.006713917013257742,0.001419670064933598,0.006245309021323919,0.0006065228953957558,0.0007498493011927403,0.011939061174891696,0.5701098492085426,0.1456722766160965,0.053908467292785645,0.32502524016458717,0.5246059894561768,10000,42,2026-02-16T12:45:04.415487,PB(T)K v1.0
PFTrDA,Branched,milk,66,0.0022565550170838833,0.0008749201660975814,0.0051023387350142,0.0009667390841059387,0.004784854128956795,0.000436162285041064,0.0005258311768419368,0.008896893073087511,0.5701098492085426,0.1694066971540451,0.05017083138227463,0.32502524016458717,0.5446027517318726,10000,42,2026-02-16T12:45:04.415487,PB(T)K v1.0
PFTrDA,Branched,milk,67,0.0019502774812281132,0.0007018741453066468,0.00462088268250227,0.0007728452910669148,0.00432492233812809,0.000389887485653162,0.00043004963149920216,0.007888961455487979,0.5701098492085426,0.19616086781024933,0.05362170562148094,0.32502524016458717,0.5748078227043152,10000,42,2026-02-16T12:45:04.415487,PB(T)K v1.0
PFTrDA,Branched,milk,68,0.0015922121237963438,0.0005465507274493575,0.003813317511230707,0.000575983664020896,0.0036647762171924114,0.00023131136549636722,0.0003422764209764353,0.006616866311615809,0.5701098492085426,0.2261110097169876,0.029856378212571144,0.32502524016458717,0.580992579460144,10000,42,2026-02-16T12:45:04.415487,PB(T)K v1.0
PFTrDA,Branched,milk,69,0.0011141616851091385,0.0003410996578168124,0.0030776141211390495,0.0003821374848484993,0.0027710096910595894,0.00030259613413363695,0.00022496527026539116,0.005060742683417125,0.5701098492085426,0.2591956853866577,0.08229555934667587,0.32502524016458717,0.6665164828300476,10000,42,2026-02-16T12:45:04.415487,PB(T)K v1.0
PFTrDA,Branched,milk,70,0.0010741637088358402,0.00030924714519642293,0.0029430557042360306,0.00033530459040775895,0.0027893732767552137,0.00022843167243991047,0.000200932029947281,0.004878741834618652,0.5701098492085426,0.29523253440856934,0.05724246799945831,0.32502524016458717,0.6775002479553223,10000,42,2026-02-16T12:45:04.415487,PB(T)K v1.0
PFTrDA,Branched,milk,71,0.0007388328667730093,0.00019283388974145055,0.0022204744163900614,0.00021468418708536774,0.0020447587594389915,0.00019957702897954732,0.00012945875222090993,0.0035868624847890437,0.5701098492085426,0.33456191420555115,0.08478502929210663,0.32502524016458717,0.7443721294403076,10000,42,2026-02-16T12:45:04.415487,PB(T)K v1.0
PFTrDA,Branched,milk,72,0.0006125329528003931,0.00015240533684846014,0.0018329069716855884,0.00016121352382469922,0.0017554373480379581,0.00011601799633353949,0.00010513763118818365,0.0029648845374029387,0.5701098492085426,0.3768453299999237,0.045625120401382446,0.32502524016458717,0.7474956512451172,10000,42,2026-02-16T12:45:04.415487,PB(T)K v1.0
PFTrDA,Branched,milk,73,0.0005183318862691522,0.00011762481153709814,0.0016953579615801573,0.0001262512378161773,0.0015785035211592913,0.00013027183013036847,8.213125489922295e-05,0.0026772265839791133,0.5701098492085426,0.42219260334968567,0.06157524883747101,0.32502524016458717,0.8087930679321289,10000,42,2026-02-16T12:45:04.415487,PB(T)K v1.0
PFTrDA,Branched,milk,74,0.00036611343966796994,7.458684558514506e-05,0.0012817388633266091,8.254675776697695e-05,0.0011892406037077308,0.00010405337525298819,5.2780377794115944e-05,0.00200355568149491,0.5701098492085426,0.47076764702796936,0.09845031797885895,0.32502524016458717,0.8942432403564453,10000,42,2026-02-16T12:45:04.415487,PB(T)K v1.0
PFTrDA,Branched,milk,75,0.0003416342369746417,6.332770135486498e-05,0.0012987309601157904,7.153808837756515e-05,0.0011875077616423368,0.00011272702249698341,4.529147872004474e-05,0.0019736337834732765,0.5701098492085426,0.5222880840301514,0.11367467045783997,0.32502524016458717,0.96098792552948,10000,42,2026-02-16T12:45:04.415487,PB(T)K v1.0
PFTrDA,Branched,milk,76,0.00024478480918332934,4.452484427019954e-05,0.0008932703640311956,4.5507018512580544e-05,0.0008710772381164134,3.7031113606644794e-05,3.282448153150263e-05,0.0013922567958739509,0.5701098492085426,0.5771052837371826,0.020510820671916008,0.32502524016458717,0.9226412773132324,10000,42,2026-02-16T12:45:04.415487,PB(T)K v1.0
PFTrDA,Branched,milk,77,0.00019159208750352263,3.082062175963074e-05,0.0007834436255507171,3.336812733323313e-05,0.0007368044462054968,5.20229441463016e-05,2.279437616711186e-05,0.0011698020686759965,0.5701098492085426,0.6349305510520935,0.08109401166439056,0.32502524016458717,1.041049838066101,10000,42,2026-02-16T12:45:04.415487,PB(T)K v1.0
PFTrDA,Branched,milk,78,0.0001662574941292405,2.5151315639959648e-05,0.0007052324945107102,2.6320514734834433e-05,0.0006759903044439852,4.2409548768773675e-05,1.8619485463601965e-05,0.0010644775843908143,0.5701098492085426,0.6957894563674927,0.055884864181280136,0.32502524016458717,1.0766994953155518,10000,42,2026-02-16T12:45:04.415487,PB(T)K v1.0
PFTrDA,Branched,milk,79,0.000124224869068712,1.7135622329078615e-05,0.0005595628172159195,1.811971014831215e-05,0.0005368159036152065,3.2297251891577616e-05,1.306330379819892e-05,0.0008162433939936694,0.5701098492085426,0.7598770260810852,0.060249146074056625,0.32502524016458717,1.1451513767242432,10000,42,2026-02-16T12:45:04.415487,PB(T)K v1.0
PFTrDA,Branched,milk,80,9.254520409740508e-05,1.1723229363269638e-05,0.0004468409752007574,1.2447942935978062e-05,0.0004254982341080904,2.5424906198168173e-05,9.008753673612966e-06,0.0006501071732593745,0.5701098492085426,0.8267731070518494,0.06886022537946701,0.32502524016458717,1.220658540725708,10000,42,2026-02-16T12:45:04.415487,PB(T)K v1.0
PFTrDA,Branched,milk,81,8.24606540845707e-05,9.59064800554188e-06,0.00041375859291292727,1.0120262231794186e-05,0.0004022385401185602,2.2689293473376893e-05,7.277315772428479e-06,0.0006122587042454393,0.5701098492085426,0.8964502215385437,0.055392466485500336,0.32502524016458717,1.2768678665161133,10000,42,2026-02-16T12:45:04.415487,PB(T)K v1.0
PFTrDA,Branched,milk,82,6.448804924730211e-05,7.026193998171948e-06,0.0003290918539278209,7.117562290659407e-06,0.00032752787228673697,7.761762390146032e-06,5.321958970630186e-06,0.0004741676637436745,0.5701098492085426,0.9689561724662781,0.010618065483868122,0.32502524016458717,1.3045995235443115,10000,42,2026-02-16T12:45:04.415487,PB(T)K v1.0
PFTrDA,Branched,milk,83,4.4369535316945985e-05,4.2582923924783245e-06,0.00026344205252826214,4.681228347180877e-06,0.0002510992926545441,1.8056800399790518e-05,3.3376621002033993e-06,0.00036484053472099015,0.5701098492085426,1.0416390895843506,0.11611326038837433,0.32502524016458717,1.4827775955200195,10000,42,2026-02-16T12:45:04.415487,PB(T)K v1.0
PFTrDA,Branched,milk,84,3.786138040595688e-05,3.4256170238222694e-06,0.00022607852588407695,3.55549354935647e-06,0.00022064559743739665,9.472033525526058e-06,2.716576412652225e-06,0.00031008511081422177,0.5701098492085426,1.1172550916671753,0.044133260846138,0.32502524016458717,1.486413598060608,10000,42,2026-02-16T12:45:04.415487,PB(T)K v1.0
PFTrDA,Branched,milk,85,3.07351365336217e-05,2.524722049201955e-06,0.00019651335605885834,2.665636884557898e-06,0.0001909328275360167,9.407427569385618e-06,1.9995685722535977e-06,0.00027740660367122196,0.5701098492085426,1.1908462047576904,0.05896102264523506,0.32502524016458717,1.5748324394226074,10000,42,2026-02-16T12:45:04.415487,PB(T)K v1.0
PFTrDA,Branched,milk,86,2.5267094315495342e-05,1.9258386600995436e-06,0.00016761339793447405,1.9898018308595056e-06,0.00016562423843424767,6.394215688487748e-06,1.5625875668241377e-06,0.00024027260885030633,0.5701098492085426,1.2622697353363037,0.03607959672808647,0.32502524016458717,1.623374581336975,10000,42,2026-02-16T12:45:04.415487,PB(T)K v1.0
PFTrDA,Branched,milk,87,1.905164390336722e-05,1.3013639090786455e-06,0.0001411963748978451,1.4033325896889437e-06,0.00013598398072645068,7.459930202458054e-06,1.1408252742107532e-06,0.00019390533993574207,0.5701098492085426,1.318638801574707,0.09273689985275269,0.32502524016458717,1.7364009618759155,10000,42,2026-02-16T12:45:04.415487,PB(T)K v1.0
PFTrDA,Branched,milk,88,1.4036319043952972e-05,8.733725280762883e-07,0.00011105207522632554,9.492658818999189e-07,0.00010705387830967084,6.50734136797837e-06,9.059088359448376e-07,0.0001526175653416882,0.5701098492085426,1.3559515476226807,0.10622060298919678,0.32502524016458717,1.7871973514556885,10000,42,2026-02-16T12:45:04.415487,PB(T)K v1.0
PFTrDA,Branched,milk,89,1.2605646588781383e-05,7.358935363299679e-07,0.00010004173236666247,7.567039688183286e-07,9.920979937305674e-05,3.5829491480399156e-06,7.99972167438426e-07,0.00013751638732407084,0.5701098492085426,1.414850115776062,0.03663921356201172,0.32502524016458717,1.7765145301818848,10000,42,2026-02-16T12:45:04.415487,PB(T)K v1.0
PFTrDA,Branched,milk,90,1.0098285201820545e-05,5.332813088898547e-07,8.693456038599834e-05,5.596128858087468e-07,8.518887625541538e-05,3.92263018511585e-06,7.136557262460622e-07,0.0001152262155494298,0.5701098492085426,1.43236243724823,0.06090225279331207,0.32502524016458717,1.818289875984192,10000,42,2026-02-16T12:45:04.415487,PB(T)K v1.0
PFTrDA,Branched,milk,91,7.450489647453651e-06,3.6608707887353376e-07,6.803887663409114e-05,3.803483821229747e-07,6.67563290335238e-05,2.4237765501311515e-06,6.107069053733825e-07,9.060952757924585e-05,0.5701098492085426,1.4081757068634033,0.04333338141441345,0.32502524016458717,1.7765343189239502,10000,42,2026-02-16T12:45:04.415487,PB(T)K v1.0
PFTrDA,Branched,milk,92,5.886035069124773e-06,2.640709340084868e-07,5.609467189060524e-05,2.72601738515732e-07,5.584770406130701e-05,1.847268777055433e-06,5.612014705584532e-07,7.631652844608827e-05,0.5701098492085426,1.3791900873184204,0.03333926573395729,0.32502524016458717,1.7375545501708984,10000,42,2026-02-16T12:45:04.415487,PB(T)K v1.0
PFTrDA,Branched,milk,93,5.307811989041511e-06,2.1828348906183237e-07,5.41465706191957e-05,2.2621355810770183e-07,5.37592131877318e-05,1.8637606444826815e-06,5.386118826947925e-07,7.080169268591986e-05,0.5701098492085426,1.3904660940170288,0.038924552500247955,0.32502524016458717,1.7544158697128296,10000,42,2026-02-16T12:45:04.415487,PB(T)K v1.0
PFTrDA,Branched,milk,94,3.692499831231544e-06,1.386799368674474e-07,4.110424197278917e-05,1.4560870909008372e-07,4.011891360278241e-05,1.486689257035323e-06,4.894420882077617e-07,5.307274790241804e-05,0.5701098492085426,1.2605535984039307,0.04717554152011871,0.32502524016458717,1.6327543258666992,10000,42,2026-02-16T12:45:04.415487,PB(T)K v1.0
PFTrDA,Branched,milk,95,3.0126809633657103e-06,1.0423079288557346e-07,3.503570405882783e-05,1.1011747602651667e-07,3.471053787507117e-05,1.2547209280455718e-06,4.544192283275513e-07,4.579029500654035e-05,0.5701098492085426,1.1946742534637451,0.0383589006960392,0.32502524016458717,1.5580583810806274,10000,42,2026-02-16T12:45:04.415487,PB(T)K v1.0
PFTrDA,Branched,milk,96,2.535068006181973e-06,8.117949334973673e-08,3.120723704341799e-05,8.412414587155581e-08,3.0673108994960785e-05,7.015132155174797e-07,4.452503373923602e-07,4.047183343407601e-05,0.5701098492085426,1.1385141611099243,0.017073798924684525,0.32502524016458717,1.480613112449646,10000,42,2026-02-16T12:45:04.415487,PB(T)K v1.0
PFTrDA,Branched,milk,97,1.9801191228907555e-06,5.694343130357993e-08,2.6398476620670408e-05,6.074430558555832e-08,2.5869239834719338e-05,1.0094740900967736e-06,4.140183631453644e-07,3.3891317744296916e-05,0.5701098492085426,1.0188156366348267,0.043445635586977005,0.32502524016458717,1.3872864246368408,10000,42,2026-02-16T12:45:04.415487,PB(T)K v1.0
PFTrDA,Branched,milk,98,1.5376836017821915e-06,4.100444073174003e-08,2.1591396944131702e-05,4.2722387405547124e-08,2.122162186424248e-05,7.071983532114245e-07,4.030487074873408e-07,2.7966929485132243e-05,0.5701098492085426,0.8964667916297913,0.030667874962091446,0.32502524016458717,1.2521599531173706,10000,42,2026-02-16T12:45:04.415487,PB(T)K v1.0
PFTrDA,Branched,milk,99,1.3260175819596043e-06,3.2301983310389915e-08,1.9681223420775495e-05,3.363878420259425e-08,1.947666532942094e-05,5.89800777106575e-07,3.9428261719538734e-07,2.557834281115138e-05,0.5701098492085426,0.8392634391784668,0.02471662499010563,0.32502524016458717,1.1890052556991577,10000,42,2026-02-16T12:45:04.415487,PB(T)K v1.0
PFTrDA,Branched,milk,100,9.586854048393434e-07,2.088368944441754e-08,1.5619070836692117e-05,2.2790107578885e-08,1.533276736154221e-05,6.788101245547296e-07,3.870746888883698e-07,2.0050510949431304e-05,0.5701098492085426,0.6698740720748901,0.04824398085474968,0.32502524016458717,1.0431432723999023,10000,42,2026-02-16T12:45:04.415487,PB(T)K v1.0
PFTrDA,Branched,milk,101,7.293688781828678e-07,1.5070700243313695e-08,1.2250162399141118e-05,1.553050665847877e-08,1.2176333257229999e-05,3.3588869996492576e-07,3.6532087878661176e-07,1.5309534533481502e-05,0.5701098492085426,0.5523527264595032,0.016187401488423347,0.32502524016458717,0.8935654163360596,10000,42,2026-02-16T12:45:04.415487,PB(T)K v1.0
PFTrDA,Branched,milk,102,5.883089784219919e-07,1.0960214069655194e-08,1.0865802323678508e-05,1.1641577479792886e-08,1.064772095560329e-05,3.9250804206858447e-07,3.6512751624884137e-07,1.4234639082621624e-05,0.5701098492085426,0.4708985686302185,0.028118902817368507,0.32502524016458717,0.8240426778793335,10000,42,2026-02-16T12:45:04.415487,PB(T)K v1.0
PFTrDA,Branched,milk,103,4.882856501353672e-07,8.438069798444303e-09,9.28796816879185e-06,8.657113248489168e-09,9.217625120072626e-06,2.483249659235298e-07,3.5765187725148134e-07,1.1552183423559814e-05,0.5701098492085426,0.4087742269039154,0.012455792166292667,0.32502524016458717,0.7462552785873413,10000,42,2026-02-16T12:45:04.415487,PB(T)K v1.0
PFTrDA,Branched,milk,104,4.36916451462821e-07,6.879714575802609e-09,8.948005415732041e-06,7.118055922461508e-09,8.798894668871071e-06,2.6846231548915966e-07,3.582852703494649e-07,1.1376125779209692e-05,0.5701098492085426,0.38401880860328674,0.015140246599912643,0.32502524016458717,0.7241842746734619,10000,42,2026-02-16T12:45:04.415487,PB(T)K v1.0
PFTrDA,Branched,milk,105,3.211837338312762e-07,4.600740233229317e-09,7.0362730184569955e-06,4.819186827376143e-09,6.941188985365443e-06,2.07038041821761e-07,3.479521995010593e-07,9.078124008040387e-06,0.5701098492085426,0.2891548275947571,0.014161728322505951,0.32502524016458717,0.628341794013977,10000,42,2026-02-16T12:45:04.415487,PB(T)K v1.0
PFTrDA,Branched,milk,106,2.4303466261699214e-07,3.2257376769706525e-09,5.64231186217512e-06,3.3074187832937696e-09,5.572199370362796e-06,1.3630440776069008e-07,3.450810978291549e-07,7.133588263616833e-06,0.5701098492085426,0.2197471708059311,0.007907137274742126,0.32502524016458717,0.5526795387268066,10000,42,2026-02-16T12:45:04.415487,PB(T)K v1.0
PFTrDA,Branched,milk,107,1.8445179250647925e-07,2.2051178660831283e-09,4.653656105801929e-06,2.3251962577575114e-09,4.586941031448077e-06,1.5883161097463017e-07,3.4290534085995505e-07,6.0395496084540206e-06,0.5701098492085426,0.16505970060825348,0.012732060626149178,0.32502524016458717,0.5028169751167297,10000,42,2026-02-16T12:45:04.415487,PB(T)K v1.0
PFTrDA,Branched,milk,108,1.3539818155550165e-07,1.4565867401117316e-09,3.6375408853928093e-06,1.5725866164828517e-09,3.6076014566788217e-06,1.4823113758666295e-07,3.3725666181096205e-07,4.747478813299784e-06,0.5701098492085426,0.11482492089271545,0.013391668908298016,0.32502524016458717,0.45324182510375977,10000,42,2026-02-16T12:45:04.415487,PB(T)K v1.0
PFTrDA,Branched,milk,109,1.2019127382245642e-07,1.226386214803199e-09,3.2645737064740388e-06,1.2334989696327625e-09,3.297503099020105e-06,6.095255855598225e-08,3.336898390901476e-07,4.410346968201114e-06,0.5701098492085426,0.10491859912872314,0.0026130310725420713,0.32502524016458717,0.4325568675994873,10000,42,2026-02-16T12:45:04.415487,PB(T)K v1.0
PFTrDA,Branched,milk,110,1.0803584160612445e-07,9.938176948054434e-10,3.220055532437982e-06,1.033426122454273e-09,3.2207324238697765e-06,9.775075682227907e-08,3.403155627524677e-07,4.444736946720502e-06,0.5701098492085426,0.09941618144512177,0.006791623774915934,0.32502524016458717,0.4312330484390259,10000,42,2026-02-16T12:45:04.415487,PB(T)K v1.0
PFTrDA,Branched,milk,111,8.429644537955028e-08,7.312691008287686e-10,2.675399628060404e-06,7.359154396979761e-10,2.661239932422177e-06,5.3205102545916816e-08,3.338295324685367e-07,3.971705696939173e-06,0.5701098492085426,0.07581903040409088,0.0026280537713319063,0.32502524016458717,0.40347230434417725,10000,42,2026-02-16T12:45:04.415487,PB(T)K v1.0
PFTrDA,Branched,milk,112,6.44919069259231e-08,5.073010345135742e-10,2.1232290237094276e-06,5.093985233628473e-10,2.1453136014315533e-06,4.068789394295891e-08,3.2960377102861575e-07,3.6726153356405352e-06,0.5701098492085426,0.05432751029729843,0.001746462658047676,0.32502524016458717,0.3810991942882538,10000,42,2026-02-16T12:45:04.415487,PB(T)K v1.0
PFTrDA,Branched,milk,113,4.439382905729872e-08,3.0154020946859816e-10,1.6956782928900793e-06,3.42109951478875e-10,1.6741279296184075e-06,7.235923504822495e-08,3.33749235721985e-07,3.4527260217575217e-06,0.5701098492085426,0.03435257822275162,0.006528472062200308,0.32502524016458717,0.3659062683582306,10000,42,2026-02-16T12:45:04.415487,PB(T)K v1.0
PFTrDA,Branched,milk,114,3.553284955160052e-08,2.3052008912838318e-10,1.3423318705463316e-06,2.386134900778103e-10,1.3510071994460304e-06,3.14959365255163e-08,3.260124270918727e-07,3.369474068144582e-06,0.5701098492085426,0.02561458759009838,0.0014283687341958284,0.32502524016458717,0.3520681858062744,10000,42,2026-02-16T12:45:04.415487,PB(T)K v1.0
PFTrDA,Branched,milk,115,3.0628640956820163e-08,1.8374290977618557e-10,1.2518529501903686e-06,1.9001018813913362e-10,1.250797140528448e-06,3.078179844351325e-08,3.28101829414785e-07,3.279320490442318e-06,0.5701098492085426,0.022871771827340126,0.0014759521000087261,0.32502524016458717,0.3493729531764984,10000,42,2026-02-16T12:45:04.415487,PB(T)K v1.0
PFTrDA,Branched,milk,116,2.6067356273529185e-08,1.4266447745381328e-10,1.1218910458410392e-06,1.4789025559736046e-10,1.1278815463811043e-06,2.761573192344713e-08,3.2962644027272547e-07,3.2745056221813705e-06,0.5701098492085426,0.019610293209552765,0.0012577992165461183,0.32502524016458717,0.34589332342147827,10000,42,2026-02-16T12:45:04.415487,PB(T)K v1.0
PFTrDA,Branched,milk,117,2.0916280263350018e-08,1.050359729748429e-10,9.584942972651334e-07,1.081946060521588e-10,9.671558700574678e-07,2.367915463707959e-08,3.297780489739085e-07,3.219527963457363e-06,0.5701098492085426,0.015273471362888813,0.0010223396820947528,0.32502524016458717,0.34132105112075806,10000,42,2026-02-16T12:45:04.415487,PB(T)K v1.0
PFTrDA,Branched,milk,118,1.5155759314211537e-08,7.047331468390539e-11,7.438011380145326e-07,7.109221544787658e-11,7.437554927491874e-07,1.4481300603108593e-08,3.305133874030108e-07,3.199269959081095e-06,0.5701098492085426,0.009763139300048351,0.0004534977488219738,0.32502524016458717,0.3352418541908264,10000,42,2026-02-16T12:45:04.415487,PB(T)K v1.0
PFTrDA,Branched,milk,119,1.3768117312906725e-08,5.805114028367697e-11,7.17645775694109e-07,5.89535295580923e-11,7.233160204123124e-07,1.5931576058392238e-08,3.25229867076622e-07,3.177911019765727e-06,0.5701098492085426,0.009559906087815762,0.0005638526636175811,0.32502524016458717,0.33514899015426636,10000,42,2026-02-16T12:45:04.415487,PB(T)K v1.0
PFTrDA,Branched,milk,120,9.491960994978399e-09,3.558263753089541e-11,5.455233349493938e-07,3.8045868538949534e-11,5.4509240499101e-07,2.0501238040537828e-08,3.282065545853022e-07,3.1257841738383672e-06,0.5701098492085426,0.005534648429602385,0.001051484257914126,0.32502524016458717,0.33161136507987976,10000,42,2026-02-16T12:45:04.415487,PB(T)K v1.0
PFTrDA,Branched,milk,121,7.860332829068284e-09,2.7843565994500885e-11,4.723223696601053e-07,2.804277816903511e-11,4.6806073328298226e-07,9.505742859516886e-09,3.26539990160566e-07,3.0864348393411655e-06,0.5701098492085426,0.004468128085136414,0.0002629978989716619,0.32502524016458717,0.32975634932518005,10000,42,2026-02-16T12:45:04.415487,PB(T)K v1.0
PFTrDA,Branched,milk,122,6.29167073995518e-09,2.0236222419978134e-11,4.003718743206264e-07,2.0534443936903735e-11,3.996266002559423e-07,9.745604323541102e-09,3.3245696417529236e-07,3.129555465520685e-06,0.5701098492085426,0.003368709236383438,0.00029954989440739155,0.32502524016458717,0.3286934792995453,10000,42,2026-02-16T12:45:04.415487,PB(T)K v1.0
PFTrDA,Branched,milk,123,5.174811690267234e-09,1.4947905760398505e-11,3.4956724448420573e-07,1.5642567102736038e-11,3.518138100844226e-07,1.0700318853196222e-08,3.292483944807797e-07,3.088749715017015e-06,0.5701098492085426,0.0026742792688310146,0.0003879281575791538,0.32502524016458717,0.3280874490737915,10000,42,2026-02-16T12:45:04.415487,PB(T)K v1.0
PFTrDA,Branched,milk,124,3.979942597709396e-09,1.0714137910206034e-11,2.878412317386392e-07,1.1001164389179419e-11,2.8595130174835504e-07,7.0752177450117415e-09,3.291818102043132e-07,3.095443414943468e-06,0.5701098492085426,0.0017977311508730054,0.00019996624905616045,0.32502524016458717,0.3270229399204254,10000,42,2026-02-16T12:45:04.415487,PB(T)K v1.0
PFTrDA,Branched,milk,125,3.315070440379486e-09,8.115126626240254e-12,2.5245364554393745e-07,8.277165411407772e-12,2.5140309389826143e-07,4.726792290909998e-09,3.2977088083735013e-07,3.0868662534416797e-06,0.5701098492085426,0.001424718415364623,0.0001024582379614003,0.32502524016458717,0.3265524208545685,10000,42,2026-02-16T12:45:04.415487,PB(T)K v1.0
PFTrDA,Branched,milk,126,2.518753206004476e-09,5.672263873879313e-12,2.0583006232754997e-07,5.7939967927633784e-12,2.0601245864781959e-07,5.1050550453624055e-09,3.291626780515341e-07,3.0949636334507576e-06,0.5701098492085426,0.0008844113908708096,0.00013419071910902858,0.32502524016458717,0.32604384422302246,10000,42,2026-02-16T12:45:04.415487,PB(T)K v1.0
PFTrDA,Branched,milk,127,2.0535835254520407e-09,4.18505811602965e-12,1.8041930616163881e-07,4.358416405558785e-12,1.8160763204377872e-07,5.434672711857047e-09,3.3024241069370705e-07,3.045674198175974e-06,0.5701098492085426,0.0006521492032334208,0.0001606954901944846,0.32502524016458717,0.3258380889892578,10000,42,2026-02-16T12:45:04.415487,PB(T)K v1.0
PFTrDA,Branched,milk,128,1.6047925210926905e-09,3.0036650250364616e-12,1.4928001235148258e-07,3.1088469472362323e-12,1.5042314771562815e-07,3.948224858163485e-09,3.2961110167870264e-07,3.1224965291990186e-06,0.5701098492085426,0.0003919730079360306,9.711379243526608e-05,0.32502524016458717,0.3255143165588379,10000,42,2026-02-16T12:45:04.415487,PB(T)K v1.0
PFTrDA,Branched,milk,129,1.2650376302048016e-09,2.172918312295935e-12,1.2569775265092176e-07,2.235706411668481e-12,1.2690821904470795e-07,3.190049335799472e-09,3.276754981548657e-07,3.0965658802175583e-06,0.5701098492085426,0.0002296235179528594,7.337889837799594e-05,0.32502524016458717,0.3253282308578491,10000,42,2026-02-16T12:45:04.415487,PB(T)K v1.0
PFTrDA,Branched,milk,130,1.0083811563532663e-09,1.5809710311731617e-12,1.0650506965248496e-07,1.624321228736736e-12,1.0820033935488027e-07,2.6832362998163717e-09,3.270499163661483e-07,3.0520901457772896e-06,0.5701098492085426,0.00013183131522964686,5.5073280236683786e-05,0.32502524016458717,0.32521212100982666,10000,42,2026-02-16T12:45:04.415487,PB(T)K v1.0
PFTrDA,Branched,milk,131,8.300702347696642e-10,1.1743983606773978e-12,9.412644175199603e-08,1.2349521362128857e-12,9.670687717289184e-08,3.0542064433092264e-09,3.3037869699117504e-07,3.0595144016987117e-06,0.5701098492085426,8.943318971432745e-05,6.984211358940229e-05,0.32502524016458717,0.32518449425697327,10000,42,2026-02-16T12:45:04.415487,PB(T)K v1.0
PFTrDA,Branched,milk,132,6.590337164880111e-10,8.615164246057738e-13,8.016773023200585e-08,8.816499505286124e-13,8.05170685680423e-08,1.921580228270159e-09,3.2459195809987856e-07,3.058425457481949e-06,0.5701098492085426,4.3184430978726596e-05,2.1009545889683068e-05,0.32502524016458717,0.3250894248485565,10000,42,2026-02-16T12:45:04.415487,PB(T)K v1.0
PFTrDA,Branched,milk,133,5.197944297208323e-10,6.29431782302875e-13,6.63107044829303e-08,6.27508516069103e-13,6.701588262103542e-08,1.3682205368681366e-09,3.199250752594495e-07,3.067772589223158e-06,0.5701098492085426,1.817613883758895e-05,1.0293861123500392e-05,0.32502524016458717,0.32505369186401367,10000,42,2026-02-16T12:45:04.415487,PB(T)K v1.0
PFTrDA,Branched,milk,134,3.7896302762518985e-10,4.023170685485411e-13,5.2730410260437566e-08,4.3965354902704423e-13,5.4508607405523435e-08,2.002070731421668e-09,3.249855094684382e-07,3.0404306765970384e-06,0.5701098492085426,9.259115358872805e-06,7.299800927285105e-06,0.32502524016458717,0.325041800737381,10000,42,2026-02-16T12:45:04.415487,PB(T)K v1.0
PFTrDA,Branched,milk,135,3.371267431884206e-10,3.408329391288434e-13,4.878192783053237e-08,3.4150576789203357e-13,4.9526867940130614e-08,8.899143644214291e-10,3.2411293657826147e-07,3.068919871763554e-06,0.5701098492085426,3.464728251856286e-06,3.35781805915758e-06,0.32502524016458717,0.3250320553779602,10000,42,2026-02-16T12:45:04.415487,PB(T)K v1.0
PFTrDA,Branched,milk,136,2.4547319732448614e-10,2.2176704916887502e-13,3.8321136486274554e-08,2.3180288526332415e-13,3.9129567142026644e-08,1.1651419828950793e-09,3.3119208469446064e-07,3.0756138332509372e-06,0.5701098492085426,2.0301961285440484e-06,1.2402712172843167e-06,0.32502524016458717,0.32502850890159607,10000,42,2026-02-16T12:45:04.415487,PB(T)K v1.0
PFTrDA,Branched,milk,137,2.0445513337907784e-10,1.7101428508980304e-13,3.390106684264538e-08,1.7485642653854855e-13,3.419544114535711e-08,8.181561539366555e-10,3.280851817246687e-07,3.049299529027977e-06,0.5701098492085426,1.676512283665943e-06,1.6943607761277235e-07,0.32502524016458717,0.32502707839012146,10000,42,2026-02-16T12:45:04.415487,PB(T)K v1.0
PFTrDA,Branched,milk,138,1.7029888610409216e-10,1.3290955250440384e-13,2.9928962419489835e-08,1.3139700915862362e-13,3.018914185304311e-08,5.467721830854089e-10,3.245207097290672e-07,3.0551073962880373e-06,0.5701098492085426,1.6160933000719524e-06,0.0,0.32502524016458717,0.32502683997154236,10000,42,2026-02-16T12:45:04.415487,PB(T)K v1.0
PFTrDA,Branched,milk,139,1.299054752657014e-10,9.064128706501653e-14,2.4470216075656026e-08,9.221561638210127e-14,2.472178195489505e-08,6.027591203938698e-10,3.264171302410315e-07,3.024444431296801e-06,0.5701098492085426,1.6160933000719524e-06,0.0,0.32502524016458717,0.32502683997154236,10000,42,2026-02-16T12:45:04.415487,PB(T)K v1.0
PFTrDA,Branched,milk,140,1.1397405241808656e-10,7.304713203672847e-14,2.2610329608596658e-08,7.409646355684141e-14,2.3215640965190687e-08,6.209797676071105e-10,3.272885207938581e-07,3.0800727578058313e-06,0.5701098492085426,1.6160933000719524e-06,0.0,0.32502524016458717,0.32502683997154236,10000,42,2026-02-16T12:45:04.415487,PB(T)K v1.0
PFTrDA,Branched,elim,0,0.0,0.0,0.0,0.0,0.0,0.0,4.581190016194688e-07,2.1733532187170042e-06,0.4,1.6160933000719524e-06,0.0,0.16000000000000003,0.16000160574913025,10000,42,2026-02-16T12:45:04.415487,PB(T)K v1.0
PFTrDA,Branched,elim,1,0.06188908964395523,0.033314067870378494,0.09537577629089355,0.04365234822034836,0.0841633602976799,0.01343739777803421,0.022342853282918667,0.15296906214182734,0.4,0.02830735594034195,0.08456335961818695,0.16000000000000003,0.2728707194328308,10000,42,2026-02-16T12:45:04.415487,PB(T)K v1.0
PFTrDA,Branched,elim,2,0.27764183282852173,0.1440896838903427,0.43798139691352844,0.20325495302677155,0.35907137393951416,0.07266814261674881,0.09463436692402143,0.69934073386736,0.4,0.0213463231921196,0.12158248573541641,0.16000000000000003,0.3029288053512573,10000,42,2026-02-16T12:45:04.415487,PB(T)K v1.0
PFTrDA,Branched,elim,3,0.3933976888656616,0.19446168839931488,0.7406567335128784,0.3197422921657562,0.5241332054138184,0.15785138309001923,0.12641183920768057,1.1558040874010438,0.4,0.015768785029649734,0.23548683524131775,0.16000000000000003,0.4112556278705597,10000,42,2026-02-16T12:45:04.415487,PB(T)K v1.0
PFTrDA,Branched,elim,4,0.4638098180294037,0.22495119273662567,0.9669390916824341,0.4104357361793518,0.6310631036758423,0.23295027017593384,0.1437803737047651,1.5237150990353445,0.4,0.011702247895300388,0.32537657022476196,0.16000000000000003,0.4970788061618805,10000,42,2026-02-16T12:45:04.415487,PB(T)K v1.0
PFTrDA,Branched,elim,5,0.5194785594940186,0.24990351498126984,1.1353917121887207,0.4870606064796448,0.7082198858261108,0.29270729422569275,0.15802699610958013,1.761855701689922,0.4,0.008738289587199688,0.3840494751930237,0.16000000000000003,0.5527877807617188,10000,42,2026-02-16T12:45:04.415487,PB(T)K v1.0
PFTrDA,Branched,elim,6,0.5636610388755798,0.27122360467910767,1.2630701065063477,0.5526182651519775,0.7651833891868591,0.34071195125579834,0.16889054639821668,2.003242652005469,0.4,0.006534311454743147,0.42371439933776855,0.16000000000000003,0.590248703956604,10000,42,2026-02-16T12:45:04.415487,PB(T)K v1.0
PFTrDA,Branched,elim,7,0.5991501808166504,0.287899911403656,1.3569555282592773,0.6075943112373352,0.8060835599899292,0.3786620497703552,0.1739039190171591,2.2001206088577394,0.4,0.004885941278189421,0.45330512523651123,0.16000000000000003,0.6181910634040833,10000,42,2026-02-16T12:45:04.415487,PB(T)K v1.0
PFTrDA,Branched,elim,8,0.6284188032150269,0.3031224310398102,1.4295974969863892,0.655657947063446,0.8374242186546326,0.40938133001327515,0.1845722478265508,2.3414449370311434,0.4,0.0036433509085327387,0.4733925759792328,0.16000000000000003,0.6370359659194946,10000,42,2026-02-16T12:45:04.415487,PB(T)K v1.0
PFTrDA,Branched,elim,9,0.6831178665161133,0.3365769386291504,1.4844459295272827,0.7101885676383972,0.8870669007301331,0.4214024841785431,0.203621927767939,2.4532331393432103,0.4,0.0032052998431026936,0.43719229102134705,0.16000000000000003,0.6003975868225098,10000,42,2026-02-16T12:45:04.415487,PB(T)K v1.0
PFTrDA,Branched,elim,10,0.8269009590148926,0.4269234836101532,1.5300111770629883,0.8014549016952515,1.0034781694412231,0.3959845006465912,0.2604067407680235,2.6079809379637675,0.4,0.0037158154882490635,0.3066125810146332,0.16000000000000003,0.4703283905982971,10000,42,2026-02-16T12:45:04.415487,PB(T)K v1.0
PFTrDA,Branched,elim,11,0.9612748622894287,0.5140644311904907,1.5629955530166626,0.8872497081756592,1.1022356748580933,0.37051278352737427,0.3135841031359514,2.6920163621908033,0.4,0.003585515543818474,0.2258550524711609,0.16000000000000003,0.3894405663013458,10000,42,2026-02-16T12:45:04.415487,PB(T)K v1.0
PFTrDA,Branched,elim,12,1.0679848194122314,0.5872276425361633,1.5886991024017334,0.960439920425415,1.1748214960098267,0.3522059917449951,0.35939081563722014,2.7948803802708775,0.4,0.003114105435088277,0.18024878203868866,0.16000000000000003,0.34336286783218384,10000,42,2026-02-16T12:45:04.415487,PB(T)K v1.0
PFTrDA,Branched,elim,13,1.152815818786621,0.6483027338981628,1.6082006692886353,1.0224964618682861,1.2276909351348877,0.33893531560897827,0.389120190210988,2.8643326155357633,0.4,0.0025668779853731394,0.1522110253572464,0.16000000000000003,0.3147779107093811,10000,42,2026-02-16T12:45:04.415487,PB(T)K v1.0
PFTrDA,Branched,elim,14,1.218696117401123,0.6993238925933838,1.6228675842285156,1.0746042728424072,1.2658542394638062,0.32917460799217224,0.42336141755040374,2.9252169995739377,0.4,0.0020527085289359093,0.1337653398513794,0.16000000000000003,0.295818030834198,10000,42,2026-02-16T12:45:04.415487,PB(T)K v1.0
PFTrDA,Branched,elim,15,1.2737741470336914,0.7429419159889221,1.6337776184082031,1.1200004816055298,1.294712781906128,0.3216208517551422,0.4375775694844103,2.977415902459697,0.4,0.0016074624145403504,0.12079544365406036,0.16000000000000003,0.282402902841568,10000,42,2026-02-16T12:45:04.415487,PB(T)K v1.0
PFTrDA,Branched,elim,16,1.318277359008789,0.7789714336395264,1.6402326822280884,1.1580244302749634,1.315281867980957,0.3156623840332031,0.4570471746743318,3.0332520958684888,0.4,0.0012412767391651869,0.11158224195241928,0.16000000000000003,0.2728235125541687,10000,42,2026-02-16T12:45:04.415487,PB(T)K v1.0
PFTrDA,Branched,elim,17,1.3523526191711426,0.8081159591674805,1.646382451057434,1.1899535655975342,1.330084204673767,0.3119921088218689,0.4751641221578599,3.059165309320976,0.4,0.0009490636875852942,0.10544966906309128,0.16000000000000003,0.26639872789382935,10000,42,2026-02-16T12:45:04.415487,PB(T)K v1.0
PFTrDA,Branched,elim,18,1.3775153160095215,0.8319647312164307,1.652471899986267,1.2167829275131226,1.340577244758606,0.3099035918712616,0.4875605101483927,3.097857408580535,0.4,0.0007203592685982585,0.10125673562288284,0.16000000000000003,0.26197707653045654,10000,42,2026-02-16T12:45:04.415487,PB(T)K v1.0
PFTrDA,Branched,elim,19,1.398725986480713,0.8546540141105652,1.6543903350830078,1.2399444580078125,1.3487008810043335,0.30620715022087097,0.49065904330461785,3.138614478042807,0.4,0.0005426816060207784,0.09663870930671692,0.16000000000000003,0.2571813762187958,10000,42,2026-02-16T12:45:04.415487,PB(T)K v1.0
PFTrDA,Branched,elim,20,1.4155645370483398,0.8723373413085938,1.656869888305664,1.2596101760864258,1.3546732664108276,0.3042297065258026,0.49807175666419906,3.121503762584238,0.4,0.0004070799332112074,0.09375545382499695,0.16000000000000003,0.2541625201702118,10000,42,2026-02-16T12:45:04.415487,PB(T)K v1.0
PFTrDA,Branched,elim,21,1.430974006652832,0.8859117031097412,1.6573965549468994,1.2758944034576416,1.358651041984558,0.3029685914516449,0.5005720639414186,3.1328567706925208,0.4,0.00030471975333057344,0.09192200005054474,0.16000000000000003,0.25222671031951904,10000,42,2026-02-16T12:45:04.415487,PB(T)K v1.0
PFTrDA,Branched,elim,22,1.4406967163085938,0.899001955986023,1.6588764190673828,1.2898707389831543,1.3616927862167358,0.3012889325618744,0.5126248746681268,3.1865776428036674,0.4,0.00022740494750905782,0.08981959521770477,0.16000000000000003,0.2500469982624054,10000,42,2026-02-16T12:45:04.415487,PB(T)K v1.0
PFTrDA,Branched,elim,23,1.4522323608398438,0.9093126654624939,1.6614913940429688,1.3033902645111084,1.3654193878173828,0.3012857437133789,0.5125498864532688,3.211510994422651,0.4,0.0001684788439888507,0.08892635256052017,0.16000000000000003,0.24909482896327972,10000,42,2026-02-16T12:45:04.415487,PB(T)K v1.0
PFTrDA,Branched,elim,24,1.4573802947998047,0.9165895581245422,1.6612892150878906,1.3122918605804443,1.3660417795181274,0.30043166875839233,0.5154955690759221,3.205973424055809,0.4,0.00012637376494240016,0.08796609938144684,0.16000000000000003,0.24809247255325317,10000,42,2026-02-16T12:45:04.415487,PB(T)K v1.0
PFTrDA,Branched,elim,25,1.4646844863891602,0.9246108531951904,1.6633415222167969,1.3223003149032593,1.368650197982788,0.300213485956192,0.5136993590218129,3.2032200049376094,0.4,9.352211054647341e-05,0.08717187494039536,0.16000000000000003,0.24726539850234985,10000,42,2026-02-16T12:45:04.415487,PB(T)K v1.0
PFTrDA,Branched,elim,26,1.4674129486083984,0.9306027889251709,1.664089322090149,1.329073190689087,1.3693492412567139,0.29965999722480774,0.5187587129825694,3.2042397928046378,0.4,7.00499294907786e-05,0.08643124252557755,0.16000000000000003,0.24650129675865173,10000,42,2026-02-16T12:45:04.415487,PB(T)K v1.0
PFTrDA,Branched,elim,27,1.472733497619629,0.9342803955078125,1.6633226871490479,1.3348325490951538,1.3700194358825684,0.299560546875,0.5296984350814761,3.203608043650693,0.4,5.299663098412566e-05,0.08623939007520676,0.16000000000000003,0.246292382478714,10000,42,2026-02-16T12:45:04.415487,PB(T)K v1.0
PFTrDA,Branched,elim,28,1.473851203918457,0.9393268823623657,1.664932370185852,1.340327501296997,1.370919942855835,0.29917287826538086,0.5288493311918973,3.2106529674478517,0.4,3.995666702394374e-05,0.08559693396091461,0.16000000000000003,0.24563688039779663,10000,42,2026-02-16T12:45:04.415487,PB(T)K v1.0
PFTrDA,Branched,elim,29,1.477834701538086,0.9428157210350037,1.6653823852539062,1.3454258441925049,1.3719853162765503,0.2992258667945862,0.5191142010623367,3.232410328364644,0.4,3.0042971047805622e-05,0.08540038019418716,0.16000000000000003,0.24543040990829468,10000,42,2026-02-16T12:45:04.415487,PB(T)K v1.0
PFTrDA,Branched,elim,30,1.4799070358276367,0.9443071484565735,1.6657066345214844,1.3488043546676636,1.3722347021102905,0.2996547520160675,0.5273838102859524,3.250145022034154,0.4,2.3395272364723496e-05,0.0855754017829895,0.16000000000000003,0.24559879302978516,10000,42,2026-02-16T12:45:04.415487,PB(T)K v1.0
PFTrDA,Branched,elim,31,1.4794769287109375,0.947673499584198,1.664779782295227,1.3508754968643188,1.3720908164978027,0.29834944009780884,0.5283684121801789,3.256896897221366,0.4,1.875379530247301e-05,0.0846962183713913,0.16000000000000003,0.24471497535705566,10000,42,2026-02-16T12:45:04.415487,PB(T)K v1.0
PFTrDA,Branched,elim,32,1.4804306030273438,0.9484062194824219,1.6648865938186646,1.3528534173965454,1.3721256256103516,0.29862308502197266,0.5281160571342115,3.2200919741300136,0.4,1.553098627482541e-05,0.08483872562646866,0.16000000000000003,0.24485425651073456,10000,42,2026-02-16T12:45:04.415487,PB(T)K v1.0
PFTrDA,Branched,elim,33,1.4813995361328125,0.9495619535446167,1.6650468111038208,1.3548462390899658,1.3723807334899902,0.29861536622047424,0.530551504685908,3.1868889944568815,0.4,1.29182199088973e-05,0.08475900441408157,0.16000000000000003,0.24477192759513855,10000,42,2026-02-16T12:45:04.415487,PB(T)K v1.0
PFTrDA,Branched,elim,34,1.4821796417236328,0.9506872892379761,1.6651763916015625,1.3563919067382812,1.3726094961166382,0.2985456883907318,0.5281084220912149,3.229149650212341,0.4,1.0933388693956658e-05,0.08464894443750381,0.16000000000000003,0.24465987086296082,10000,42,2026-02-16T12:45:04.415487,PB(T)K v1.0
PFTrDA,Branched,elim,35,1.4828624725341797,0.9515418410301208,1.664138913154602,1.356742024421692,1.3724708557128906,0.29797840118408203,0.5282569886895975,3.2618605766128916,0.4,9.830637281993404e-06,0.08435679972171783,0.16000000000000003,0.2443666160106659,10000,42,2026-02-16T12:45:04.415487,PB(T)K v1.0
PFTrDA,Branched,elim,36,1.4834365844726562,0.9522894024848938,1.6641465425491333,1.357560396194458,1.3726348876953125,0.2978745102882385,0.5309620543490734,3.1906838939611197,0.4,8.852704013406765e-06,0.08426184207201004,0.16000000000000003,0.2442706823348999,10000,42,2026-02-16T12:45:04.415487,PB(T)K v1.0
PFTrDA,Branched,elim,37,1.5157604217529297,0.9736632108688354,1.6654243469238281,1.3727164268493652,1.3985843658447266,0.2906191945075989,0.5363926926955859,3.3010322665108283,0.4,2.650665192049928e-05,0.078022301197052,0.16000000000000003,0.23804880678653717,10000,42,2026-02-16T12:45:04.415487,PB(T)K v1.0
PFTrDA,Branched,elim,38,1.6433639526367188,1.0546414852142334,1.6832096576690674,1.4331400394439697,1.4980508089065552,0.26980212330818176,0.5860539051141445,3.357984657981695,0.4,0.00014822962111793458,0.06001702696084976,0.16000000000000003,0.22016525268554688,10000,42,2026-02-16T12:45:04.415487,PB(T)K v1.0
PFTrDA,Branched,elim,39,1.6700897216796875,1.1352742910385132,1.8198634386062622,1.4919114112854004,1.5847567319869995,0.25709694623947144,0.640183628707868,3.5443576713803226,0.4,0.00026671067462302744,0.04810893163084984,0.16000000000000003,0.20837563276290894,10000,42,2026-02-16T12:45:04.415487,PB(T)K v1.0
PFTrDA,Branched,elim,40,1.6744575500488281,1.2017157077789307,1.92545485496521,1.5424237251281738,1.6492427587509155,0.25503313541412354,0.6651388385131795,3.6672412149675524,0.4,0.00031884611235000193,0.04230935499072075,0.16000000000000003,0.20262819528579712,10000,42,2026-02-16T12:45:04.415487,PB(T)K v1.0
PFTrDA,Branched,elim,41,1.6775646209716797,1.2566317319869995,2.0013740062713623,1.5839009284973145,1.6952542066574097,0.256578654050827,0.7054916827578338,3.736190427984629,0.4,0.000320981111144647,0.039067529141902924,0.16000000000000003,0.1993885040283203,10000,42,2026-02-16T12:45:04.415487,PB(T)K v1.0
PFTrDA,Branched,elim,42,1.680990219116211,1.3039157390594482,2.0575263500213623,1.619642972946167,1.7292896509170532,0.2595766484737396,0.7102785611704214,3.816730488086812,0.4,0.00029365799855440855,0.037143588066101074,0.16000000000000003,0.19743724167346954,10000,42,2026-02-16T12:45:04.415487,PB(T)K v1.0
PFTrDA,Branched,elim,43,1.6842575073242188,1.3429481983184814,2.1009774208068848,1.6505537033081055,1.754835844039917,0.2641969621181488,0.7246193435945761,3.8643853921825744,0.4,0.0002533318183850497,0.03630596399307251,0.16000000000000003,0.19655929505825043,10000,42,2026-02-16T12:45:04.415487,PB(T)K v1.0
PFTrDA,Branched,elim,44,1.6843948364257812,1.354934573173523,2.0885467529296875,1.660644769668579,1.7442398071289062,0.2634575068950653,0.7337651062197693,3.8764232652705193,0.4,0.00016438966849818826,0.035980261862277985,0.16000000000000003,0.19614464044570923,10000,42,2026-02-16T12:45:04.415487,PB(T)K v1.0
PFTrDA,Branched,elim,45,1.68035888671875,1.3018149137496948,1.9593772888183594,1.625474452972412,1.6592726707458496,0.25594401359558105,0.7010038465739414,3.779721514123337,0.4,3.250339432270266e-05,0.038249142467975616,0.16000000000000003,0.1982816457748413,10000,42,2026-02-16T12:45:04.415487,PB(T)K v1.0
PFTrDA,Branched,elim,46,1.6768646240234375,1.2368162870407104,1.8574752807617188,1.577185034751892,1.5976121425628662,0.2538136839866638,0.6665586763818545,3.676102575305243,0.4,1.1534032637428027e-05,0.04228879138827324,0.16000000000000003,0.2023003250360489,10000,42,2026-02-16T12:45:04.415487,PB(T)K v1.0
PFTrDA,Branched,elim,47,1.6741485595703125,1.169089913368225,1.7927706241607666,1.522357702255249,1.5581384897232056,0.25644436478614807,0.6416724708422796,3.541620634700693,0.4,4.204547803965397e-05,0.04704761132597923,0.16000000000000003,0.2070896476507187,10000,42,2026-02-16T12:45:04.415487,PB(T)K v1.0
PFTrDA,Branched,elim,48,1.671478271484375,1.1165460348129272,1.7382278442382812,1.4792109727859497,1.5270119905471802,0.2599155604839325,0.616829678778655,3.4667927932748435,0.4,8.014750346774235e-05,0.05168108642101288,0.16000000000000003,0.2117612361907959,10000,42,2026-02-16T12:45:04.415487,PB(T)K v1.0
PFTrDA,Branched,elim,49,1.6659107208251953,1.0771139860153198,1.7017711400985718,1.450758457183838,1.5045132637023926,0.266580194234848,0.6028414725456274,3.4417095059106395,0.4,0.00010551947343628854,0.05694427341222763,0.16000000000000003,0.21704979240894318,10000,42,2026-02-16T12:45:04.415487,PB(T)K v1.0
PFTrDA,Branched,elim,50,1.634490966796875,1.0488815307617188,1.6727144718170166,1.4286324977874756,1.48401939868927,0.27068179845809937,0.5882607846906462,3.4434330427221163,0.4,0.00011655014532152563,0.06084933504462242,0.16000000000000003,0.22096587717533112,10000,42,2026-02-16T12:45:04.415487,PB(T)K v1.0
PFTrDA,Branched,elim,51,1.6037254333496094,1.024558424949646,1.6711196899414062,1.4114899635314941,1.466039776802063,0.2762084901332855,0.5748391168586717,3.3675165038617507,0.4,0.000116230126877781,0.06526550650596619,0.16000000000000003,0.2253817319869995,10000,42,2026-02-16T12:45:04.415487,PB(T)K v1.0
PFTrDA,Branched,elim,52,1.5794563293457031,1.0078390836715698,1.6690673828125,1.3989251852035522,1.4508605003356934,0.2797645330429077,0.5740621159470324,3.321660707156005,0.4,0.0001078139030141756,0.06845635175704956,0.16000000000000003,0.22856417298316956,10000,42,2026-02-16T12:45:04.415487,PB(T)K v1.0
PFTrDA,Branched,elim,53,1.5602149963378906,0.9967759251594543,1.6681671142578125,1.3907275199890137,1.4388110637664795,0.28242406249046326,0.5625042469697724,3.2961513222116166,0.4,9.454340761294588e-05,0.07085179537534714,0.16000000000000003,0.23094633221626282,10000,42,2026-02-16T12:45:04.415487,PB(T)K v1.0
PFTrDA,Branched,elim,54,1.5448760986328125,0.9877238273620605,1.6675033569335938,1.384507417678833,1.4283220767974854,0.2850693166255951,0.5508910221238047,3.3218957418060526,0.4,8.018706284929067e-05,0.0731111541390419,0.16000000000000003,0.2331913411617279,10000,42,2026-02-16T12:45:04.415487,PB(T)K v1.0
PFTrDA,Branched,elim,55,1.5309066772460938,0.9797133207321167,1.6680831909179688,1.379047155380249,1.4189670085906982,0.2880403697490692,0.5474144145955453,3.2856487852760012,0.4,6.688843859592453e-05,0.07543125748634338,0.16000000000000003,0.23549814522266388,10000,42,2026-02-16T12:45:04.415487,PB(T)K v1.0
PFTrDA,Branched,elim,56,1.5211677551269531,0.9744110107421875,1.6665573120117188,1.3748775720596313,1.410951018333435,0.28945696353912354,0.5420148060926272,3.2340128514878446,0.4,5.503378270077519e-05,0.07685675472021103,0.16000000000000003,0.23691178858280182,10000,42,2026-02-16T12:45:04.415487,PB(T)K v1.0
PFTrDA,Branched,elim,57,1.5135116577148438,0.9692801237106323,1.6660919189453125,1.3715629577636719,1.404234766960144,0.2914196848869324,0.5410890124704018,3.2894690644485776,0.4,4.505005563260056e-05,0.0784921646118164,0.16000000000000003,0.23853722214698792,10000,42,2026-02-16T12:45:04.415487,PB(T)K v1.0
PFTrDA,Branched,elim,58,1.4396209716796875,0.9141348004341125,1.60650634765625,1.2900530099868774,1.35442316532135,0.2796684205532074,0.5160440351397515,3.145961252509525,0.4,0.00017062702681869268,0.07938001304864883,0.16000000000000003,0.2395506352186203,10000,42,2026-02-16T12:45:04.415487,PB(T)K v1.0
PFTrDA,Branched,elim,59,1.1817398071289062,0.7111469507217407,1.3777849674224854,0.9842035174369812,1.175104022026062,0.23027783632278442,0.41852852424111325,2.579746099555268,0.4,0.002127609681338072,0.08010150492191315,0.16000000000000003,0.24222910404205322,10000,42,2026-02-16T12:45:04.415487,PB(T)K v1.0
PFTrDA,Branched,elim,60,0.9231452941894531,0.5302422642707825,1.153519630432129,0.7160759568214417,0.9965128302574158,0.18375657498836517,0.3282648715009413,2.0174690019952557,0.4,0.007245221640914679,0.08086816221475601,0.16000000000000003,0.24811337888240814,10000,42,2026-02-16T12:45:04.415487,PB(T)K v1.0
PFTrDA,Branched,elim,61,0.7159080505371094,0.3961130976676941,0.9668735265731812,0.5200139880180359,0.8451246023178101,0.14588569104671478,0.2569192443544862,1.657163222202544,0.4,0.01548104640096426,0.08050710707902908,0.16000000000000003,0.25598815083503723,10000,42,2026-02-16T12:45:04.415487,PB(T)K v1.0
PFTrDA,Branched,elim,62,0.5555229187011719,0.2955699861049652,0.8119363784790039,0.3773116171360016,0.7164556980133057,0.1158870980143547,0.19744595697027542,1.3399277301125048,0.4,0.026812978088855743,0.08008746057748795,0.16000000000000003,0.2669004201889038,10000,42,2026-02-16T12:45:04.415487,PB(T)K v1.0
PFTrDA,Branched,elim,63,0.43316650390625,0.21986007690429688,0.6824798583984375,0.27410367131233215,0.6074312329292297,0.09233605116605759,0.15254994123167842,1.097883273696983,0.4,0.04123980924487114,0.07991144061088562,0.16000000000000003,0.2811512351036072,10000,42,2026-02-16T12:45:04.415487,PB(T)K v1.0
PFTrDA,Branched,elim,64,0.3406524658203125,0.16355104744434357,0.575447678565979,0.19923928380012512,0.5151950120925903,0.07370419055223465,0.11653093966002125,0.8914611934362362,0.4,0.058761902153491974,0.07977404445409775,0.16000000000000003,0.29853594303131104,10000,42,2026-02-16T12:45:04.415487,PB(T)K v1.0
PFTrDA,Branched,elim,65,0.26904296875,0.12123365700244904,0.48443132638931274,0.14461980760097504,0.4368095099925995,0.058581799268722534,0.08785148671018367,0.7333674591820519,0.4,0.07937826961278915,0.07890309393405914,0.16000000000000003,0.318281352519989,10000,42,2026-02-16T12:45:04.415487,PB(T)K v1.0
PFTrDA,Branched,elim,66,0.213134765625,0.08974390476942062,0.40806010365486145,0.10511394590139389,0.3704734444618225,0.0469093956053257,0.0664801795705515,0.6065800139976794,0.4,0.10309112071990967,0.07888394594192505,0.16000000000000003,0.34197506308555603,10000,42,2026-02-16T12:45:04.415487,PB(T)K v1.0
PFTrDA,Branched,elim,67,0.16873550415039062,0.06602754443883896,0.3439342677593231,0.07629067450761795,0.3139343857765198,0.03758837655186653,0.05022707134620636,0.5027355050341236,0.4,0.12989825010299683,0.07886797934770584,0.16000000000000003,0.3687662184238434,10000,42,2026-02-16T12:45:04.415487,PB(T)K v1.0
PFTrDA,Branched,elim,68,0.13401031494140625,0.048674777150154114,0.29027673602104187,0.05543174594640732,0.2662341594696045,0.03017505817115307,0.03758879432373935,0.4016388438699897,0.4,0.15980155766010284,0.07878637313842773,0.16000000000000003,0.3985879421234131,10000,42,2026-02-16T12:45:04.415487,PB(T)K v1.0
PFTrDA,Branched,elim,69,0.10656166076660156,0.035766031593084335,0.24483509361743927,0.04029407352209091,0.22585797309875488,0.024239426478743553,0.027986778858311717,0.3369105612141931,0.4,0.1927984207868576,0.07846885174512863,0.16000000000000003,0.43126726150512695,10000,42,2026-02-16T12:45:04.415487,PB(T)K v1.0
PFTrDA,Branched,elim,70,0.0845184326171875,0.026210308074951172,0.2064596265554428,0.02925742417573929,0.19141031801700592,0.019481800496578217,0.020859640051486564,0.27974204989221546,0.4,0.2288891226053238,0.07839176058769226,0.16000000000000003,0.46728089451789856,10000,42,2026-02-16T12:45:04.415487,PB(T)K v1.0
PFTrDA,Branched,elim,71,0.06727981567382812,0.019240953028202057,0.17457929253578186,0.021284738555550575,0.1624889075756073,0.015714243054389954,0.015469609186879063,0.2355390702862047,0.4,0.26807859539985657,0.07834192365407944,0.16000000000000003,0.5064204931259155,10000,42,2026-02-16T12:45:04.415487,PB(T)K v1.0
PFTrDA,Branched,elim,72,0.0534210205078125,0.014076042920351028,0.14735431969165802,0.015468343161046505,0.13775783777236938,0.012685302644968033,0.011373392552999422,0.1928091946434421,0.4,0.3103569447994232,0.07849113643169403,0.16000000000000003,0.548848032951355,10000,42,2026-02-16T12:45:04.415487,PB(T)K v1.0
PFTrDA,Branched,elim,73,0.0424346923828125,0.010261154733598232,0.12448902428150177,0.011240387335419655,0.1167793944478035,0.010249339044094086,0.008456037582507838,0.1614861909395009,0.4,0.35573410987854004,0.07842691987752914,0.16000000000000003,0.5941610336303711,10000,42,2026-02-16T12:45:04.415487,PB(T)K v1.0
PFTrDA,Branched,elim,74,0.03377532958984375,0.007480430882424116,0.1049213707447052,0.008175944909453392,0.09909185022115707,0.008272560313344002,0.0063133880864601295,0.1357281017237545,0.4,0.40421032905578613,0.07800203561782837,0.16000000000000003,0.6422123908996582,10000,42,2026-02-16T12:45:04.415487,PB(T)K v1.0
PFTrDA,Branched,elim,75,0.026819229125976562,0.0054473876953125,0.08876800537109375,0.005938021466135979,0.08397960662841797,0.006717088166624308,0.004597667502433693,0.1134920905646507,0.4,0.45577722787857056,0.07852034270763397,0.16000000000000003,0.6942975521087646,10000,42,2026-02-16T12:45:04.415487,PB(T)K v1.0
PFTrDA,Branched,elim,76,0.02135467529296875,0.003970909398049116,0.07509613037109375,0.004321829415857792,0.07131967693567276,0.005470205098390579,0.003290112240012108,0.09560286212571205,0.4,0.5104379653930664,0.07909759879112244,0.16000000000000003,0.7495355606079102,10000,42,2026-02-16T12:45:04.415487,PB(T)K v1.0
PFTrDA,Branched,elim,77,0.016998291015625,0.00290679931640625,0.06347694993019104,0.003139400389045477,0.060473158955574036,0.004409161861985922,0.002476731310207394,0.07880648410447601,0.4,0.5681795477867126,0.07791976630687714,0.16000000000000003,0.8060992956161499,10000,42,2026-02-16T12:45:04.415487,PB(T)K v1.0
PFTrDA,Branched,elim,78,0.01351165771484375,0.0021285058464854956,0.05361194908618927,0.002278614090755582,0.051276084035634995,0.0035901416558772326,0.001820420991039419,0.0650671717799391,0.4,0.6290355324745178,0.07819656282663345,0.16000000000000003,0.867232084274292,10000,42,2026-02-16T12:45:04.415487,PB(T)K v1.0
PFTrDA,Branched,elim,79,0.010766983032226562,0.00154876708984375,0.04533444344997406,0.0016568502178415656,0.04352579265832901,0.0029201016295701265,0.0013437431852849405,0.05720077087590347,0.4,0.6929827332496643,0.078028604388237,0.16000000000000003,0.9310113191604614,10000,42,2026-02-16T12:45:04.415487,PB(T)K v1.0
PFTrDA,Branched,elim,80,0.0085601806640625,0.001129150390625,0.03833770751953125,0.0012041727313771844,0.036926303058862686,0.0023788472171872854,0.0009825550146648273,0.04589508027207318,0.4,0.7600091695785522,0.07801412791013718,0.16000000000000003,0.998023271560669,10000,42,2026-02-16T12:45:04.415487,PB(T)K v1.0
PFTrDA,Branched,elim,81,0.00679779052734375,0.000823974609375,0.03240261971950531,0.0008748372201807797,0.0313047394156456,0.0019419420277699828,0.0007175320443087654,0.0389474532369242,0.4,0.8301308751106262,0.07826214283704758,0.16000000000000003,1.0683929920196533,10000,42,2026-02-16T12:45:04.415487,PB(T)K v1.0
PFTrDA,Branched,elim,82,0.0054168701171875,0.0005988122429698706,0.02737465500831604,0.0006357828970067203,0.026570670306682587,0.0015842410502955317,0.0005235105687936914,0.03299030572780136,0.4,0.9033969640731812,0.07806480675935745,0.16000000000000003,1.141461730003357,10000,42,2026-02-16T12:45:04.415487,PB(T)K v1.0
PFTrDA,Branched,elim,83,0.0043182373046875,0.000438690185546875,0.02315521240234375,0.00046278638183139265,0.022542349994182587,0.001289357547648251,0.0003815968240040765,0.028591743044787593,0.4,0.9796137809753418,0.07728267461061478,0.16000000000000003,1.216896414756775,10000,42,2026-02-16T12:45:04.415487,PB(T)K v1.0
PFTrDA,Branched,elim,84,0.0034332275390625,0.0003204345703125,0.01959228515625,0.000335693359375,0.01910540461540222,0.0010559894144535065,0.0002830114663713408,0.023775557164081883,0.4,1.0590879917144775,0.07766109704971313,0.16000000000000003,1.2967489957809448,10000,42,2026-02-16T12:45:04.415487,PB(T)K v1.0
PFTrDA,Branched,elim,85,0.0027313232421875,0.00023260130546987057,0.01654091477394104,0.00024534863769076765,0.01619860529899597,0.0008642228203825653,0.00020709825614836837,0.0201352712702947,0.4,1.1414334774017334,0.0776108130812645,0.16000000000000003,1.3790442943572998,10000,42,2026-02-16T12:45:04.415487,PB(T)K v1.0
PFTrDA,Branched,elim,86,0.00217437744140625,0.0001678466796875,0.01400776207447052,0.00017674763512331992,0.013741843402385712,0.0007083587697707117,0.00014842746453912483,0.01675620242511698,0.4,1.2273461818695068,0.07760512828826904,0.16000000000000003,1.4649512767791748,10000,42,2026-02-16T12:45:04.415487,PB(T)K v1.0
PFTrDA,Branched,elim,87,0.00173187255859375,0.0001220703125,0.01187916100025177,0.00012715657067019492,0.01165908295661211,0.0005802545347250998,0.00010952253889474248,0.014048310317331163,0.4,1.3153722286224365,0.07732090353965759,0.16000000000000003,1.5526931285858154,10000,42,2026-02-16T12:45:04.415487,PB(T)K v1.0
PFTrDA,Branched,elim,88,0.001373291015625,9.1552734375e-05,0.010067082941532135,9.282430255552754e-05,0.009890303015708923,0.0004780361196026206,7.783913137943501e-05,0.011817576328157903,0.4,1.4082789421081543,0.07787588238716125,0.16000000000000003,1.646154761314392,10000,42,2026-02-16T12:45:04.415487,PB(T)K v1.0
PFTrDA,Branched,elim,89,0.00109100341796875,6.4849853515625e-05,0.0084991455078125,6.993611896177754e-05,0.008382258005440235,0.00039392730104736984,5.843376798095163e-05,0.00986901834882256,0.4,1.5060657262802124,0.07848910242319107,0.16000000000000003,1.7445547580718994,10000,42,2026-02-16T12:45:04.415487,PB(T)K v1.0
PFTrDA,Branched,elim,90,0.0008697509765625,4.57763671875e-05,0.00720253586769104,4.9591064453125e-05,0.00711069256067276,0.00032361329067498446,4.2559194418087224e-05,0.008437346990410873,0.4,1.6028563976287842,0.07839982956647873,0.16000000000000003,1.8412561416625977,10000,42,2026-02-16T12:45:04.415487,PB(T)K v1.0
PFTrDA,Branched,elim,91,0.000690460205078125,3.4332275390625e-05,0.00609607994556427,3.687540811370127e-05,0.006034915801137686,0.000266521266894415,3.043626601266181e-05,0.007029646311127075,0.4,1.7018901109695435,0.07849045842885971,0.16000000000000003,1.940380573272705,10000,42,2026-02-16T12:45:04.415487,PB(T)K v1.0
PFTrDA,Branched,elim,92,0.00054931640625,2.288818359375e-05,0.0051727294921875,2.6702880859375e-05,0.005116845481097698,0.0002196895657107234,2.255220335388029e-05,0.006017596396756023,0.4,1.8134357929229736,0.07911072671413422,0.16000000000000003,2.052546501159668,10000,42,2026-02-16T12:45:04.415487,PB(T)K v1.0
PFTrDA,Branched,elim,93,0.00043487548828125,1.9073486328125e-05,0.00437183678150177,2.0345052689663135e-05,0.004336103796958923,0.000180831179022789,1.6571582399305988e-05,0.005081859322101318,0.4,1.918326735496521,0.07922151684761047,0.16000000000000003,2.157548189163208,10000,42,2026-02-16T12:45:04.415487,PB(T)K v1.0
PFTrDA,Branched,elim,94,0.000347137451171875,1.52587890625e-05,0.00371551513671875,1.3987223610456567e-05,0.0036837260704487562,0.00014939029642846435,1.195911770119229e-05,0.004240626983403916,0.4,2.0278687477111816,0.08047909289598465,0.16000000000000003,2.268347978591919,10000,42,2026-02-16T12:45:04.415487,PB(T)K v1.0
PFTrDA,Branched,elim,95,0.000274658203125,7.62939453125e-06,0.00314340740442276,1.0172526344831567e-05,0.0031216938514262438,0.00012361355766188353,8.783749485125863e-06,0.003603876065330068,0.4,2.1553616523742676,0.08141575008630753,0.16000000000000003,2.396777391433716,10000,42,2026-02-16T12:45:04.415487,PB(T)K v1.0
PFTrDA,Branched,elim,96,0.00022125244140625,7.62939453125e-06,0.00266265869140625,6.357828624459216e-06,0.00264739990234375,0.00010213005589321256,6.754721425288457e-06,0.0030414204907775228,0.4,2.27068829536438,0.08204250782728195,0.16000000000000003,2.512730836868286,10000,42,2026-02-16T12:45:04.415487,PB(T)K v1.0
PFTrDA,Branched,elim,97,0.00017547607421875,7.62939453125e-06,0.00225076824426651,6.357828624459216e-06,0.002246856689453125,8.446639549219981e-05,4.996213704969393e-06,0.002565751416542078,0.4,2.3928802013397217,0.08284352719783783,0.16000000000000003,2.635723829269409,10000,42,2026-02-16T12:45:04.415487,PB(T)K v1.0
PFTrDA,Branched,elim,98,0.0001373291015625,3.814697265625e-06,0.0019073486328125,6.357828624459216e-06,0.0019060770282521844,7.005738007137552e-05,3.3203734734166723e-06,0.002199910683446165,0.4,2.5116684436798096,0.08595846593379974,0.16000000000000003,2.757627010345459,10000,42,2026-02-16T12:45:04.415487,PB(T)K v1.0
PFTrDA,Branched,elim,99,0.000110626220703125,0.0,0.001617431640625,1.271565793103946e-06,0.0016149531584233046,5.8129931858275086e-05,1.6670878302028604e-06,0.0017921303974139167,0.4,2.641545295715332,0.08572956174612045,0.16000000000000003,2.887274980545044,10000,42,2026-02-16T12:45:04.415487,PB(T)K v1.0
PFTrDA,Branched,elim,100,8.7738037109375e-05,0.0,0.00136575847864151,0.0,0.0013720516581088305,4.830363468499854e-05,1.162970124997439e-06,0.0015425952426187874,0.4,2.758155345916748,0.08947647362947464,0.16000000000000003,3.00763201713562,10000,42,2026-02-16T12:45:04.415487,PB(T)K v1.0
PFTrDA,Branched,elim,101,6.866455078125e-05,0.0,0.00115976482629776,0.0,0.0011660257587209344,4.026098395115696e-05,9.761199022780486e-07,0.0013352435906812017,0.4,2.85671067237854,0.09046554565429688,0.16000000000000003,3.1071763038635254,10000,42,2026-02-16T12:45:04.415487,PB(T)K v1.0
PFTrDA,Branched,elim,102,5.340576171875e-05,0.0,0.00098419189453125,0.0,0.0009867349872365594,3.3433872886234894e-05,8.819875891863613e-07,0.0011068279187016789,0.4,2.9696552753448486,0.09353936463594437,0.16000000000000003,3.2231948375701904,10000,42,2026-02-16T12:45:04.415487,PB(T)K v1.0
PFTrDA,Branched,elim,103,4.57763671875e-05,0.0,0.00083160400390625,0.0,0.0008379618520848453,2.789647624013014e-05,7.996193439004416e-07,0.0009378769547397121,0.4,3.0623254776000977,0.09518785029649734,0.16000000000000003,3.3175134658813477,10000,42,2026-02-16T12:45:04.415487,PB(T)K v1.0
PFTrDA,Branched,elim,104,3.814697265625e-05,0.0,0.000701904296875,0.0,0.0007120768423192203,2.3199432689580135e-05,7.378244512929006e-07,0.0007953280243397694,0.4,3.103285312652588,0.09573246538639069,0.16000000000000003,3.359017848968506,10000,42,2026-02-16T12:45:04.415487,PB(T)K v1.0
PFTrDA,Branched,elim,105,3.0517578125e-05,0.0,0.0005950927734375,0.0,0.000602786720264703,1.9303068256704137e-05,6.908924334876743e-07,0.0006659472004501015,0.4,3.155069589614868,0.09932827204465866,0.16000000000000003,3.414397954940796,10000,42,2026-02-16T12:45:04.415487,PB(T)K v1.0
PFTrDA,Branched,elim,106,2.288818359375e-05,0.0,0.0005035400390625,0.0,0.00051116943359375,1.6192208931897767e-05,6.642924607439808e-07,0.0005553780647436874,0.4,3.1847879886627197,0.0999617800116539,0.16000000000000003,3.4447498321533203,10000,42,2026-02-16T12:45:04.415487,PB(T)K v1.0
PFTrDA,Branched,elim,107,1.52587890625e-05,0.0,0.00042724609375,0.0,0.00043487548828125,1.3555815712607e-05,6.418224377875531e-07,0.000476515973082299,0.4,3.177753210067749,0.1008802279829979,0.16000000000000003,3.438633441925049,10000,42,2026-02-16T12:45:04.415487,PB(T)K v1.0
PFTrDA,Branched,elim,108,1.52587890625e-05,0.0,0.0003662109375,0.0,0.00036748251295648515,1.1378313502063975e-05,6.085813835317808e-07,0.00040954459043324344,0.4,3.1523237228393555,0.10349079221487045,0.16000000000000003,3.4158146381378174,10000,42,2026-02-16T12:45:04.415487,PB(T)K v1.0
PFTrDA,Branched,elim,109,1.1444091796875e-05,0.0,0.00030527263879776,0.0,0.00031407675123773515,9.547755325911567e-06,5.895944571806027e-07,0.0003529129068659753,0.4,3.1036837100982666,0.10491877794265747,0.16000000000000003,3.3686025142669678,10000,42,2026-02-16T12:45:04.415487,PB(T)K v1.0
PFTrDA,Branched,elim,110,7.62939453125e-06,0.0,0.0002593994140625,0.0,0.00026448568678461015,7.971653758431785e-06,5.69129202394686e-07,0.00028189481217656714,0.4,3.035911798477173,0.10066235810518265,0.16000000000000003,3.296574354171753,10000,42,2026-02-16T12:45:04.415487,PB(T)K v1.0
PFTrDA,Branched,elim,111,7.62939453125e-06,0.0,0.00022125244140625,0.0,0.00022379557776730508,6.689293513773009e-06,5.54248707929406e-07,0.0002470393696871886,0.4,2.939213514328003,0.10137806087732315,0.16000000000000003,3.200591564178467,10000,42,2026-02-16T12:45:04.415487,PB(T)K v1.0
PFTrDA,Branched,elim,112,7.62939453125e-06,0.0,0.00019073486328125,0.0,0.00019073486328125,5.626668553304626e-06,5.52975978934582e-07,0.00020818337563844244,0.4,2.82515811920166,0.09591034799814224,0.16000000000000003,3.081068515777588,10000,42,2026-02-16T12:45:04.415487,PB(T)K v1.0
PFTrDA,Branched,elim,113,7.62939453125e-06,0.0,0.00016021728515625,0.0,0.00016021728515625,4.735286893264856e-06,5.330754465541742e-07,0.00017723601280673733,0.4,2.678300619125366,0.09502056986093521,0.16000000000000003,2.933321237564087,10000,42,2026-02-16T12:45:04.415487,PB(T)K v1.0
PFTrDA,Branched,elim,114,3.814697265625e-06,0.0,0.0001373291015625,0.0,0.0001373291015625,4.004322363471147e-06,5.237293671291106e-07,0.00015361048650348305,0.4,2.519947052001953,0.09082669019699097,0.16000000000000003,2.7707738876342773,10000,42,2026-02-16T12:45:04.415487,PB(T)K v1.0
PFTrDA,Branched,elim,115,0.0,0.0,0.00011444091796875,0.0,0.00011698404705384746,3.359391257617972e-06,5.186444031745937e-07,0.0001251319555970092,0.4,2.3501460552215576,0.0879344642162323,0.16000000000000003,2.598080635070801,10000,42,2026-02-16T12:45:04.415487,PB(T)K v1.0
PFTrDA,Branched,elim,116,0.0,0.0,9.918212890625e-05,0.0,9.791056072572246e-05,2.833250619005412e-06,5.109272183719815e-07,0.00010706500566893222,0.4,2.179140090942383,0.08244125545024872,0.16000000000000003,2.421581506729126,10000,42,2026-02-16T12:45:04.415487,PB(T)K v1.0
PFTrDA,Branched,elim,117,0.0,0.0,8.392333984375e-05,0.0,8.392333984375e-05,2.3914203666208778e-06,5.004901820526114e-07,9.214025547150105e-05,0.4,2.0041215419769287,0.07758839428424835,0.16000000000000003,2.2417099475860596,10000,42,2026-02-16T12:45:04.415487,PB(T)K v1.0
PFTrDA,Branched,elim,118,0.0,0.0,6.866455078125e-05,0.0,6.993611896177754e-05,2.0248617147444747e-06,4.920719186947904e-07,7.793980717242748e-05,0.4,1.8285868167877197,0.07527199387550354,0.16000000000000003,2.0638587474823,10000,42,2026-02-16T12:45:04.415487,PB(T)K v1.0
PFTrDA,Branched,elim,119,0.0,0.0,6.103515625e-05,0.0,5.976359170745127e-05,1.7051947907020804e-06,4.897205028776834e-07,6.46878299054148e-05,0.4,1.6564048528671265,0.07105789333581924,0.16000000000000003,1.8874627351760864,10000,42,2026-02-16T12:45:04.415487,PB(T)K v1.0
PFTrDA,Branched,elim,120,0.0,0.0,5.340576171875e-05,0.0,5.086262899567373e-05,1.4400619647858548e-06,4.882874675961925e-07,5.6494098297263475e-05,0.4,1.4893156290054321,0.0664822906255722,0.16000000000000003,1.7157979011535645,10000,42,2026-02-16T12:45:04.415487,PB(T)K v1.0
PFTrDA,Branched,elim,121,0.0,0.0,4.57763671875e-05,0.0,4.323323446442373e-05,1.2087805316696176e-06,4.775383378713141e-07,4.605462610997445e-05,0.4,1.3297985792160034,0.05963589996099472,0.16000000000000003,1.5494344234466553,10000,42,2026-02-16T12:45:04.415487,PB(T)K v1.0
PFTrDA,Branched,elim,122,0.0,0.0,3.814697265625e-05,0.0,3.687540811370127e-05,1.0169189863518113e-06,4.734937156659334e-07,4.057164261263998e-05,0.4,1.1776177883148193,0.05421147495508194,0.16000000000000003,1.391829252243042,10000,42,2026-02-16T12:45:04.415487,PB(T)K v1.0
PFTrDA,Branched,elim,123,0.0,0.0,3.0517578125e-05,0.0,3.0517578125e-05,8.568131306674331e-07,4.787217032445232e-07,3.3875474452631625e-05,0.4,1.0393673181533813,0.04815220832824707,0.16000000000000003,1.2475194931030273,10000,42,2026-02-16T12:45:04.415487,PB(T)K v1.0
PFTrDA,Branched,elim,124,0.0,0.0,2.288818359375e-05,0.0,2.6702880859375e-05,7.21257094937755e-07,4.7110139387791503e-07,2.852810610787325e-05,0.4,0.9093413352966309,0.044674862176179886,0.16000000000000003,1.1140161752700806,10000,42,2026-02-16T12:45:04.415487,PB(T)K v1.0
PFTrDA,Branched,elim,125,0.0,0.0,2.288818359375e-05,0.0,2.288818359375e-05,6.024221761435911e-07,4.734139425616082e-07,2.3886792868082954e-05,0.4,0.7890539169311523,0.039909400045871735,0.16000000000000003,0.9889633655548096,10000,42,2026-02-16T12:45:04.415487,PB(T)K v1.0
PFTrDA,Branched,elim,126,0.0,0.0,1.9073486328125e-05,0.0,2.0345052689663135e-05,5.153398774382367e-07,4.702453462310836e-07,2.093441237074019e-05,0.4,0.68738853931427,0.03673771768808365,0.16000000000000003,0.8841263055801392,10000,42,2026-02-16T12:45:04.415487,PB(T)K v1.0
PFTrDA,Branched,elim,127,0.0,0.0,1.52587890625e-05,0.0,1.6530355424038135e-05,4.2991382542822976e-07,4.7087365343509896e-07,1.815731423261838e-05,0.4,0.5918720364570618,0.03220202773809433,0.16000000000000003,0.784074068069458,10000,42,2026-02-16T12:45:04.415487,PB(T)K v1.0
PFTrDA,Branched,elim,128,0.0,0.0,1.52587890625e-05,0.0,1.3987223610456567e-05,3.559362085070461e-07,4.6570468961245777e-07,1.475512116484554e-05,0.4,0.5079872012138367,0.027249878272414207,0.16000000000000003,0.6952370405197144,10000,42,2026-02-16T12:45:04.415487,PB(T)K v1.0
PFTrDA,Branched,elim,129,0.0,0.0,1.1444091796875e-05,0.0,1.2715657248918433e-05,3.0040439469303237e-07,4.6122840947151e-07,1.3005378035486009e-05,0.4,0.43647271394729614,0.02455354854464531,0.16000000000000003,0.6210262775421143,10000,42,2026-02-16T12:45:04.415487,PB(T)K v1.0
PFTrDA,Branched,elim,130,0.0,0.0,7.62939453125e-06,0.0,1.0172526344831567e-05,2.571907202764123e-07,4.6214100122081716e-07,1.1336177062692205e-05,0.4,0.3696460425853729,0.02274310402572155,0.16000000000000003,0.5523891448974609,10000,42,2026-02-16T12:45:04.415487,PB(T)K v1.0
PFTrDA,Branched,elim,131,0.0,0.0,7.62939453125e-06,0.0,7.62939453125e-06,2.1727230148371746e-07,4.6464136295449546e-07,9.627943498787524e-06,0.4,0.3137047290802002,0.02065097726881504,0.16000000000000003,0.494355708360672,10000,42,2026-02-16T12:45:04.415487,PB(T)K v1.0
PFTrDA,Branched,elim,132,0.0,0.0,7.62939453125e-06,0.0,6.357828624459216e-06,1.776133871089769e-07,4.608875122420012e-07,8.572221989218459e-06,0.4,0.26432159543037415,0.017220400273799896,0.16000000000000003,0.44154199957847595,10000,42,2026-02-16T12:45:04.415487,PB(T)K v1.0
PFTrDA,Branched,elim,133,0.0,0.0,7.62939453125e-06,0.0,6.357828624459216e-06,1.477161930552029e-07,4.6281639223054326e-07,7.278873104361572e-06,0.4,0.22239181399345398,0.014349212870001793,0.16000000000000003,0.39674103260040283,10000,42,2026-02-16T12:45:04.415487,PB(T)K v1.0
PFTrDA,Branched,elim,134,0.0,0.0,7.62939453125e-06,0.0,6.357828624459216e-06,1.265208737777357e-07,4.642246468330511e-07,6.173046842330449e-06,0.4,0.18509307503700256,0.013814889825880527,0.16000000000000003,0.3589079678058624,10000,42,2026-02-16T12:45:04.415487,PB(T)K v1.0
PFTrDA,Branched,elim,135,0.0,0.0,7.62939453125e-06,0.0,6.357828624459216e-06,1.0352015777925772e-07,4.559810110950868e-07,4.864194633551669e-06,0.4,0.15427839756011963,0.011173052713274956,0.16000000000000003,0.32545143365859985,10000,42,2026-02-16T12:45:04.415487,PB(T)K v1.0
PFTrDA,Branched,elim,136,0.0,0.0,3.814697265625e-06,0.0,6.357828624459216e-06,8.185813982208856e-08,4.629563900908103e-07,4.207990056393672e-06,0.4,0.13062049448490143,0.00849276315420866,0.16000000000000003,0.29911327362060547,10000,42,2026-02-16T12:45:04.415487,PB(T)K v1.0
PFTrDA,Branched,elim,137,0.0,0.0,3.814697265625e-06,0.0,1.271565793103946e-06,6.905319338557092e-08,4.628228216161855e-07,3.0973109362199324e-06,0.4,0.10873537510633469,0.0076633477583527565,0.16000000000000003,0.2763987183570862,10000,42,2026-02-16T12:45:04.415487,PB(T)K v1.0
PFTrDA,Branched,elim,138,0.0,0.0,0.0,0.0,0.0,6.058318291479736e-08,4.592093814762254e-07,2.735284236262123e-06,0.4,0.09015929698944092,0.007131680380553007,0.16000000000000003,0.25729095935821533,10000,42,2026-02-16T12:45:04.415487,PB(T)K v1.0
PFTrDA,Branched,elim,139,0.0,0.0,0.0,0.0,0.0,4.8097959393089695e-08,4.5794515579616734e-07,2.563684140996384e-06,0.4,0.07367265224456787,0.005885483231395483,0.16000000000000003,0.2395581305027008,10000,42,2026-02-16T12:45:04.415487,PB(T)K v1.0
PFTrDA,Branched,elim,140,0.0,0.0,0.0,0.0,0.0,4.0989181826489585e-08,4.6019064395647775e-07,2.4753419542383603e-06,0.4,0.06136680394411087,0.004876710940152407,0.16000000000000003,0.2262435108423233,10000,42,2026-02-16T12:45:04.415487,PB(T)K v1.0
